-19.482016
155.434298
-167.308726
-88.25652399999998
-169.452508
233.436362
-272.45653599999997
146.218478
102.965738
209.939504
236.835068
-290.336242
36.979736
-309.89749
-162.61230999999998
232.983572
237.80458400000003
-154.60123
161.52117800000002
216.453146
-277.557214
-151.136608
36.631382
-62.85019
-302.73575800000003
-239.13574599999998
65.89128199999999
264.78634999999997
373.395092
374.49368599999997
-247.70371
205.404746
-32.447559999999996
-35.445154
241.11726800000002
385.913228
46.923602
236.58944
381.29864
191.86574000000002
-103.472194
99.29816600000001
-179.749966
322.052612
-254.13370599999996
-80.31391599999999
60.579913999999995
-192.489196
57.160004
-184.277128
-65.58962799999999
-310.637884
268.67040800000007
-217.29344800000004
192.740324
233.567456
-16.416705999999998
-27.993172
-212.344834
59.288918
26.355488
-277.801294
98.63166199999999
-23.5246
-292.489546
-270.627088
-129.247276
-18.661648
-165.588502
184.89581600000002
328.674128
-45.33289599999999
-166.454518
-240.47204799999997
251.30627600000003
202.039556
312.74861
-212.996254
38.697404
135.111614
-324.761962
22.9604
-0.834933999999997
-286.82176
113.91026
162.16881800000002
4.865521999999999
202.770194
53.541356
-12.103833999999999
-83.72957800000002
76.474076
-291.646066
82.454486
200.72976799999998
-113.67344199999997
172.45322600000003
50.151254
257.967032
-268.070134
-120.35390799999999
-6.035296000000002
-254.46992799999998
-316.02703
181.041224
-10.238205999999998
-171.047758
5.7191899999999976
-216.86205999999999
-249.49170399999997
-241.268332
271.991354
-165.547498
-238.46299599999998
232.35008
5.242477999999998
189.962672
188.14748
314.094398
79.487078
-113.597014
233.495456
-219.381556
329.10035
-31.16147799999999
240.60335
-239.947852
-157.48438
-153.991858
-30.589761999999993
146.892272
-247.01245600000004
200.656544
-48.341848
-313.667032
206.942756
186.594026
-83.988634
43.754791999999995
154.41693800000002
-218.482402
-157.923544
-300.73138600000004
-118.601788
-191.32416399999997
-26.63699799999999
-157.505386
270.82306400000004
11.236910000000002
129.609212
-279.068764
145.428782
-292.77643
351.558986
-250.47945399999998
-154.630156
121.049708
346.16951600000004
134.332268
-121.92404800000003
288.531464
-182.453116
-49.418284
-272.306812
-325.58358999999996
40.071974
186.131156
23.016236
138.79992199999998
330.67508
75.883784
362.18309
-166.507708
50.076716
322.610216
-182.16198400000002
-26.260852
-68.01007
-113.884492
-113.00697400000001
87.935576
-327.31724199999996
115.32271999999999
304.29724999999996
249.91304
-304.02968799999996
-19.311448
-11.097580000000008
283.45215199999996
-89.81536000000001
-276.14101
-146.256862
-132.86525799999998
286.07468
-173.88589000000002
359.97607400000004
120.333452
158.46875599999998
284.149238
-27.934582
42.669986
-236.921152
120.174404
202.084376
-32.89144
389.232284
88.519838
163.97794399999998
129.762698
-97.05265600000001
190.596704
216.311828
47.427008
254.4413
35.136266
233.97168200000002
-42.482991999999996
200.425676
33.362312
288.781934
282.31628
-179.29125399999998
-196.66111
313.082312
213.12032
-171.01179399999998
-154.349968
-152.33503000000002
322.04445799999996
-294.249046
-275.644696
-146.33959
-249.18638800000002
77.024678
159.032678
-194.766664
391.25566399999997
-44.962312
-202.44783999999999
277.035656
-220.208458
-55.420311999999996
189.20102
142.253006
-207.21839800000004
-199.949512
1.612885999999996
214.819952
-131.68579
257.7245
70.798658
164.033078
-139.29044800000003
-302.42378199999996
-167.540404
-48.872506
-71.542408
11.672204
-229.89474400000006
-114.141118
-178.32999999999998
291.087158
-7.979602
181.844834
-51.24001000000001
208.45850000000002
-121.761616
-128.582572
-182.44912
-10.914339999999996
318.77502799999996
-193.564534
291.275834
347.29631600000005
-204.40607800000004
-207.13763200000002
334.078322
139.68501799999999
-199.874578
368.760074
182.118632
-154.99865200000002
120.85088
-182.11943200000002
-208.633324
-116.79264400000002
158.805158
-197.03700399999997
42.959696
-231.32938000000001
-10.781716000000003
262.088996
55.110578
-259.591828
-258.272986
281.58720800000003
237.80411600000002
264.837506
279.385682
-79.582342
249.85192999999998
160.21630399999998
-83.927866
153.567914
24.241658
304.907882
309.441758
34.82123
-142.36335400000002
349.885256
-282.727462
123.298862
324.193118
5.8243459999999985
-151.002364
-215.68131400000001
-103.59353200000001
-0.8143779999999978
297.919166
137.60139199999998
116.051666
253.097888
-285.68813800000004
-47.461162
88.765304
-320.455282
223.344824
-62.551714000000004
259.47914000000003
139.283564
-106.887226
-273.332902
67.574858
89.99243600000001
69.989954
103.11047599999999
-168.40919200000002
-85.60903
-267.339046
-16.876407999999998
-52.08016000000001
385.397204
-180.065614
69.467234
-92.39578600000002
53.42315
132.820214
188.349296
267.566414
-3.014085999999999
-196.590712
-96.645262
-163.02859600000002
235.746968
323.57755399999996
215.28050000000002
61.716974
-117.69584800000001
-142.25850400000002
88.629314
-187.773502
270.181202
93.854372
-241.86703
330.402236
-15.317374000000001
-136.81449400000002
-106.27511799999999
-25.801150000000007
-127.338898
-87.60845199999999
110.493842
-48.340894000000006
3.8211799999999982
254.89931
122.305568
-136.76377
-137.52526
-0.922467999999995
128.660054
-183.966142
-66.08347599999999
-199.62711399999998
335.849828
122.530784
-222.45694600000002
-223.513942
-238.625176
337.113302
167.913302
57.516692
199.53104000000002
349.524248
117.635252
63.273848
-44.004514
73.981976
-291.487144
164.861258
-273.706186
-321.43327600000003
294.48885200000007
281.932358
80.552444
128.649524
87.193634
-82.03963000000002
342.501026
42.327374
265.801478
245.124788
113.56061
-234.50700999999998
6.392264000000001
-106.50299799999999
356.71487
-245.150446
-318.898858
192.63088399999998
84.353162
87.74193199999999
264.728066
-57.843958000000015
295.963826
-45.033196000000004
-80.699062
-321.102346
-264.868114
-191.43743800000001
-183.92346400000002
-304.950874
-47.08579
-285.71989
-294.55571199999997
-190.446664
88.511936
260.064644
-278.11940799999996
18.421969999999998
294.029438
186.29567600000001
327.426458
-105.901456
-182.720578
-167.29375
-302.05534
-283.158472
194.687222
198.32264600000002
-211.28233
-153.75465400000002
-96.18651400000002
-230.14989400000002
274.65261799999996
-298.965568
-240.69818199999997
236.74328599999998
-154.31817999999998
61.563956000000005
-79.105936
327.456266
-318.41633199999995
182.95712600000002
333.924692
145.170842
-162.496858
-16.211056
262.755482
153.87286999999998
-175.848934
-72.44933800000001
55.080806
372.33588199999997
-57.902998
357.528848
357.487178
361.91823800000003
-81.730984
-15.756357999999999
77.309384
-116.112244
321.16420400000004
221.232326
-207.203836
197.397698
-179.130766
-14.354103999999992
-8.599233999999996
-148.94251599999998
199.29721999999998
-182.058214
298.348088
146.780978
-318.29067399999997
327.84801799999997
-292.498276
241.96535599999999
135.075038
386.811446
265.148528
282.707276
-229.736758
-46.40022400000001
-46.171983999999995
258.115478
27.28679
186.71963
-269.22307
282.308072
-200.453152
-60.15494199999999
175.96166
52.55969
108.84408800000001
101.532038
267.30609799999996
-33.14075799999999
-107.228722
172.02992
171.80671999999998
-290.794396
368.865158
-58.00824399999999
-129.08162199999998
355.911638
-163.0777
18.252734
302.053406
-306.45099400000004
128.666318
128.83829
-172.479352
-229.31998600000003
78.08873
-101.01020799999998
-51.592594000000005
-52.360978
-327.47812600000003
115.676672
73.010426
341.796002
-37.185304
203.435834
97.25341999999999
280.9472
221.94258800000003
-241.640356
39.48719
-173.345098
0.9362840000000006
224.007404
-129.33445
-166.868986
-248.50015599999995
183.385346
154.172552
-108.61418199999997
149.487386
255.49388599999997
-89.387896
-136.67510199999998
-66.742762
359.670182
-19.067872
-123.98371599999999
-224.722084
369.669992
339.5858
176.553284
247.750898
176.126828
-293.49364
303.989648
-113.24614000000003
-129.044344
-252.74567199999996
-8.470299999999995
44.890808
2.1315740000000005
-207.684436
353.746562
184.664192
250.51891999999998
-263.028838
209.65857799999998
-38.913898
82.53013999999999
-226.221322
3.0082280000000026
-110.31412
-150.575152
-43.19372200000001
-255.47557
120.313886
-313.78855
-243.91516000000001
13.872866000000002
-99.01040799999998
199.964372
240.27675800000003
-181.59201399999998
-327.705934
222.76931
141.91019599999998
271.50854000000004
-254.822584
258.20888
5.564443999999998
-45.31950400000001
-106.05832600000002
285.05213599999996
-263.603506
-107.279032
-146.57386000000002
301.84017800000004
60.235502
293.19850399999996
291.46188199999995
-281.366536
285.342926
149.05194799999998
-129.885664
338.168354
-49.830844
-192.331048
19.013468
385.261754
101.09886800000001
276.699524
124.58289199999999
-0.429789999999997
110.18804
-143.071168
107.974256
-148.946854
20.633378
42.228284
-144.096304
-247.55773000000005
-16.843900000000005
-307.42933000000005
191.475842
160.724552
136.516514
251.962952
-210.58681
209.21702
-187.54958200000002
387.584618
-314.230252
228.972578
9.733244000000003
77.593208
-236.75117799999998
191.172272
-125.018698
-227.31736
15.346544000000002
385.08612800000003
-129.37891
69.060992
-262.27024600000004
-154.475032
274.12473200000005
93.726572
254.538878
-61.246966000000015
358.234466
59.531738000000004
-325.86971800000003
238.10117
-292.31847400000004
190.20680599999997
324.81845599999997
213.43870399999997
217.11257600000002
-326.011
349.334312
260.563172
-295.971412
6.1844719999999995
362.105924
-51.012202
-22.856637999999997
-298.67211399999997
-179.337028
240.98037800000003
-4.609264000000003
195.046988
383.837288
57.669259999999994
-16.766464
-257.670058
153.08726000000001
67.934624
-305.66902
254.67882799999998
-57.555706
344.919218
285.475694
187.976696
72.143078
177.583442
319.616636
108.391928
66.07346
-153.55872399999998
313.38149
247.799822
29.705828
270.243698
-160.65067
238.73394199999998
336.59873600000003
290.840396
347.329868
354.438122
343.60556
186.69406999999998
222.60567199999997
-252.75416800000005
-297.20459199999993
165.483014
334.86346399999996
-131.585566
357.42992
48.172964
302.056412
215.27972599999998
95.698004
236.186654
237.38446399999998
275.036828
233.242898
-81.17123799999999
131.03852
87.275642
28.37012
-104.403244
-153.907888
354.722576
-86.529946
-37.88190399999999
-102.95375800000002
92.89572799999999
6.962917999999998
-11.511201999999997
-58.693342
374.732348
304.546244
323.252618
391.770194
-103.712548
118.599116
147.23501000000002
-323.861512
-191.48971
-305.223934
-193.928962
-210.33781599999998
341.30213599999996
-16.030156000000005
131.81531
350.10104
172.922594
388.851152
182.213024
-216.820444
-292.449208
-294.085264
-317.50920400000007
223.688246
-101.99522199999998
48.8993
355.646984
-47.562916
-267.142432
-73.160824
-75.41849200000001
-189.88924000000003
-95.46851199999999
319.730432
-264.588934
267.45112400000005
270.723722
-234.13788399999999
-206.27122
-164.941078
146.978798
374.592308
-280.913404
-126.76784799999999
-272.69361399999997
-284.641384
-42.96323199999999
52.682324
-129.292798
214.911788
-105.94103799999999
339.888326
-280.18048000000005
-186.79558000000003
-72.74574399999999
-297.374692
336.23200399999996
97.06319599999999
-114.33900999999997
-183.33401800000001
102.599942
-77.643472
21.791372000000003
-96.72755799999999
182.240006
-100.553494
6.952856000000001
-231.32338600000003
-293.106226
-185.400868
116.37896
22.590374
52.88045
2.173189999999998
-165.726436
303.38976199999996
374.19947599999995
367.43496799999997
89.06979199999999
-13.964998000000001
-322.67974
-248.08293400000002
-27.836608
224.52926
-96.78094600000003
275.552438
-132.977956
343.78448000000003
-143.24953
227.2739
373.96061599999996
-74.38495
-214.631482
-15.536667999999999
305.13849799999997
-115.8295
222.931292
-229.15307199999995
-303.991024
-179.194432
161.20423399999999
266.117252
-58.99955800000001
-210.01829800000002
336.24809600000003
326.916932
375.453104
166.15355000000002
269.774456
-310.638262
31.94978
-85.55987200000001
-192.16417
-162.562144
-119.945866
-294.948058
-253.11276400000003
-176.604124
9.208886
-237.483094
-324.606406
90.455918
-232.26223
-91.67497599999999
391.906472
46.757785999999996
349.983068
36.39947
277.832534
-68.054998
212.900432
-163.073056
-179.920426
-29.02748799999999
-176.630566
-74.515144
-24.307042000000003
252.65319800000003
269.749796
-157.289026
57.294247999999996
-22.279162
-26.891428000000005
-191.537662
110.184908
-157.112086
155.625404
-32.193652
-156.972514
74.47469
125.20490000000001
-244.45136200000002
-202.46254599999997
-256.165708
52.565666
267.708254
96.77841800000002
-324.680188
-209.91292600000003
-190.42196800000002
-129.538714
-63.336225999999996
-90.36576400000001
267.52748
236.124302
-220.030582
29.648858
218.331986
34.817612
-184.363258
343.988438
222.483812
385.71263600000003
-87.67883200000001
-132.690676
-43.335741999999996
-51.701458
-307.726384
373.160102
-221.73646
-279.090058
-191.27088399999997
234.315302
226.34540599999997
-309.821098
-237.74195199999997
-238.66911400000004
-135.019678
-145.78081600000002
97.54195999999999
-36.463269999999994
-30.850114000000005
-199.4692
-295.587922
77.7506
361.07234600000004
-78.30526
-91.71232599999999
-273.64594
179.148416
183.533
-286.30966
124.66889599999999
-244.24697200000003
385.961018
348.49184
-109.81492599999999
-153.97961800000002
10.146866
-60.55657599999999
65.867198
-34.330845999999994
-200.091352
40.834202000000005
282.84197
-284.688508
187.687886
76.183466
-231.70981
-279.97006
247.209872
112.584704
-59.30788
-115.806118
65.23691
258.28682
357.110852
-179.68311400000002
19.628006
242.236184
252.60445399999998
28.113746
32.538218
238.00508600000003
277.963412
-33.705867999999995
70.986632
-287.76107199999996
-69.748834
14.123966000000003
295.15684999999996
-189.170176
-287.566708
-50.904976000000005
208.62746599999997
-163.89481
363.561962
-234.001912
-65.18064999999999
-27.27889600000001
45.219578
-207.97153600000001
-153.360526
317.595794
148.220816
324.874742
248.85536000000002
349.96674199999995
-144.693238
310.313174
243.65697799999998
320.482436
-102.671176
138.407036
248.767376
132.739952
-185.72188
-201.25633
141.970352
167.587232
-112.01711800000001
383.076212
246.510626
186.70164799999998
293.273132
276.05579
268.256408
230.78642
-255.74778400000002
185.52894799999999
271.026626
186.24605000000003
391.972082
134.60981
-70.383064
310.146728
-103.00100799999998
351.11548400000004
84.736508
-88.48037199999999
380.33618
-57.557073999999986
233.297384
303.11929399999997
336.81363799999997
-135.46202799999998
258.634472
-147.141148
-63.911884
-231.751534
-22.533574
99.73022
-100.552594
276.081278
345.624764
181.517882
-275.554624
131.312732
165.01829
354.645662
-19.163866
58.513369999999995
-316.188832
384.959678
-69.051748
98.610998
257.555498
-22.513018000000002
311.161082
311.943074
-161.04946
134.226068
-119.04402999999999
197.60403200000002
-151.05271
318.646544
51.480968000000004
-276.82067199999995
37.502852
-290.216128
252.062564
-256.10564200000005
133.207016
-9.709150000000001
-234.013054
360.299858
134.4776
55.690088
-279.747418
-241.04484399999996
92.721362
279.039452
-126.29570799999999
-296.178304
350.884634
310.138466
-94.14639399999999
98.84762599999999
-215.59502199999997
-38.756091999999995
-17.780026000000007
164.300324
-176.145646
-31.597797999999997
-115.171672
-125.845798
170.182706
-245.34700600000002
171.03452
371.327288
-158.009584
-161.50723599999998
72.053546
74.222474
-299.47552600000006
281.062724
65.334524
37.83245
11.195798
-206.499676
258.848294
-295.298608
0.7314079999999983
121.717562
-177.706858
238.13684600000002
123.991232
-44.77108
-14.665144000000005
-289.51977999999997
379.198976
179.27029399999998
-139.122076
-216.47392599999998
-110.35976799999997
-278.985046
374.199386
312.51236000000006
19.878422
-295.18850199999997
-40.481139999999996
-51.40993
314.66424199999994
38.380208
200.104268
-8.331358000000002
-142.6945
135.26222
-293.10934
-20.192403999999996
175.95445999999998
164.158772
-304.190986
81.093902
14.626795999999999
-187.206988
-24.950938000000008
-46.503435999999994
235.220432
-283.15595199999996
83.688638
-73.856776
-129.43550199999999
161.165102
-156.071902
-168.32246800000001
-92.886178
-219.04756600000002
-19.568794000000004
289.25547800000004
-58.21562200000001
42.9854
-115.713562
-212.717056
-326.733124
381.878276
-104.655586
-8.793903999999998
-10.182963999999998
113.885528
115.257992
49.63775
387.92947999999996
-174.64674999999997
244.63059800000002
130.15945399999998
-27.11349399999999
372.550784
-301.09342
-92.037136
-152.756752
61.690208
-142.265038
-313.763098
137.82534800000002
100.18421599999999
-123.270862
-77.44462600000001
5.199925999999998
-199.581196
-223.52324799999997
205.342808
-298.718194
-49.06003
-303.52554399999997
219.26161399999998
-63.310053999999994
206.50298
-213.76717599999998
352.02104599999996
143.75879600000002
245.56834399999997
105.005696
387.94478
327.420572
-324.93217
131.560196
108.49623799999999
-60.67309
-216.34060000000005
182.578892
121.98934399999999
375.08189
77.981558
334.18688
76.111412
-64.603336
-210.883288
-4.797525999999998
199.68269
155.697224
134.716496
-64.747498
386.07241999999997
250.23956000000004
247.443206
125.859452
150.265148
310.08459200000004
-129.804412
-164.168428
124.908926
31.344098
260.77586
40.112078
-318.402688
142.979486
105.686258
359.233538
168.159524
20.503274
-299.991694
-174.355762
15.388376000000001
-281.653564
-7.873906000000005
20.102504
-286.73032
-187.44726999999997
200.498594
95.75650399999999
-307.957018
-289.688386
116.309498
221.64425599999998
347.1368
374.86184000000003
192.33615200000003
59.580716
-221.84928399999998
389.573654
188.214584
171.966254
228.26829200000003
238.587962
100.663502
334.28912
-214.49678799999998
-122.57494600000001
-314.826376
-147.868078
-207.11821
-45.76325800000001
-292.07675200000006
19.279778
289.12173799999994
-88.03714
381.28438399999993
-244.24266999999998
-323.926168
-230.44534599999997
-21.224686
-278.159224
-318.95514399999996
71.70008
-76.357246
157.78742
-74.817472
214.116998
212.961182
-202.77119199999999
122.281484
136.0283
-38.87750200000001
-271.203736
-2.8038100000000057
269.765078
380.41574
79.820024
180.920336
294.42887600000006
317.52233600000005
-106.60549
-233.54311
153.17648599999998
129.761492
53.485358000000005
-218.01388000000003
-258.752884
378.050972
187.90030399999998
294.605168
-97.19480200000001
177.738026
-217.82790400000005
-75.719902
373.829432
-22.633474
61.808414
185.458568
-32.979856
308.42857399999997
-314.720842
-181.59743199999997
369.784382
-97.69500399999998
-73.13261800000001
210.85509199999998
165.71733799999998
210.207524
41.573858
39.483896
-55.447672
-145.280974
132.529406
221.184104
69.53045
299.26830200000006
-173.617006
-83.226478
344.03748800000005
-23.730646
-197.57338599999997
-279.97891599999997
249.294506
99.570434
-68.07022599999999
203.545094
106.54412
-185.84831200000002
50.190656
97.99726999999999
-121.486918
209.97824
-131.776186
-225.77171800000002
165.754454
-302.34008200000005
351.15477799999996
297.333734
202.174574
368.48435000000006
77.031698
136.695074
-34.52614600000001
107.428856
306.16880000000003
256.129538
-27.919083999999998
184.561052
-300.44912800000003
48.837794
124.19913199999999
-165.68644
-102.54092800000001
-320.505268
91.29570799999999
87.451736
-204.57158800000002
278.461346
298.755536
324.783536
260.931992
-280.89445
214.788236
278.748068
245.39417599999996
4.837441999999999
318.594542
338.289566
-121.46771199999998
-143.84986600000002
307.53383
324.657608
323.823578
-250.034404
-109.63085799999999
357.582056
384.910376
388.93082000000004
223.10852
14.932291999999997
127.95272600000001
340.436822
223.51227799999998
-312.723994
-269.98798
132.044126
-61.156372000000005
-20.600968
-293.924362
-228.692182
-283.49840200000006
236.978204
61.61225
-327.314686
170.60250200000002
40.50248
62.274505999999995
-96.23331400000001
376.853972
-326.16121000000004
11.583860000000001
100.08833
166.076492
209.26976
328.70449399999995
-104.783152
-182.569072
-9.175684000000004
108.833936
362.015618
42.287828000000005
-157.186624
55.229288
382.17417800000004
174.82334
-193.231354
-88.740868
-57.33238
-212.015434
272.48585
228.656408
-301.954522
138.843176
385.051964
-310.414576
-219.95192199999997
45.722030000000004
-71.52307599999999
357.993284
-291.547156
323.14991
-24.753856
64.058018
-307.114006
-290.47673199999997
92.247512
-141.670372
315.190094
-101.13502
-186.179242
380.92157599999996
80.675456
357.251666
-193.89299799999998
-141.803482
-77.027134
-204.823156
139.40331799999998
-16.797748
351.53817799999996
342.93192799999997
47.629616
-134.07219400000002
-282.92341
114.51534799999999
-127.943644
-292.507294
-161.01085
-26.697658000000004
142.614914
3.4441700000000033
153.422312
103.72213400000001
-281.821558
-208.09604199999998
129.148052
152.851946
-102.05766399999999
204.812222
-66.12556000000001
225.00552199999998
103.01198
-323.59070199999996
-87.15762399999998
266.425574
-14.036296
-28.600347999999997
167.140418
257.66353399999997
-139.74829599999998
-8.963068
32.28566
370.002326
-312.43854999999996
257.85302
-113.362078
170.812418
-119.567452
-105.554776
144.472586
136.108202
156.88252400000002
-194.24614000000003
146.77501999999998
223.234826
215.83227200000002
-320.27924199999995
-28.343812
-33.826306
-281.53777
159.08738
127.303106
40.41122
-320.818378
33.588428
313.44135800000004
331.276604
-26.931405999999996
-277.735036
-159.41821
325.24357999999995
347.21799799999997
-311.872306
-317.929522
-199.99166800000003
165.474932
23.699498
9.317876000000002
382.53128
129.95051
139.828028
-46.424902
13.086517999999998
106.380032
-54.57283600000001
317.356124
-255.211546
-128.764012
-186.895588
357.720458
178.354688
80.49047
331.583594
75.9002
-238.409788
-187.596994
374.91416599999997
256.99267399999997
-49.64056600000001
-25.257064
86.059112
168.350702
-164.110522
174.34252399999997
-207.205024
-78.308572
-320.50771599999996
-38.29486
364.967978
252.68549
-120.135478
160.047464
116.528792
294.568268
192.867818
-192.78607000000002
93.143444
306.237074
367.720718
58.185751999999994
391.025534
-87.965878
132.682568
125.768966
-94.85958999999998
-204.092518
373.98873199999997
-194.292814
-82.20045999999999
35.028986
-308.23708
-173.69251599999998
322.724156
367.545074
90.240944
-325.27852599999994
-90.223492
-320.92531599999995
83.433938
-58.127421999999996
-126.01807600000001
344.694308
245.25226400000003
-138.983224
-69.10798000000001
362.037164
304.04076799999996
7.705759999999998
46.820228
200.505812
-42.15811000000001
-43.160709999999995
52.046078
295.46223799999996
123.07166600000001
354.410564
288.587678
-269.696164
332.4596
-265.691974
278.624012
-111.66905200000002
22.86302
-146.13298600000002
-200.414506
330.151442
208.75836199999998
-153.73021
187.86333199999999
-209.994952
200.058728
145.190156
346.85223800000006
354.281702
380.66547199999997
97.515698
-140.85327999999998
-191.565526
180.894812
114.28718
-106.63643200000001
-48.772642000000005
68.313218
359.391452
-23.079765999999992
-44.598063999999994
-77.26833400000001
-14.413288000000001
128.973002
-64.89643
70.444112
167.99037800000002
137.815358
157.894844
358.005668
-136.13384200000002
226.354352
-27.179122000000007
186.442106
-270.41872
-292.508806
175.641098
-240.43585000000002
21.484202
-247.484236
204.657206
-68.81629000000001
90.084434
-105.28429
-79.235338
115.59713
-298.299928
56.100865999999996
-84.54672400000001
-249.54325600000004
100.84217
-4.105407999999997
-152.35000599999998
296.49101
-119.58147399999999
-128.06726799999998
234.42427400000003
365.167328
268.96598600000004
336.800714
185.958986
129.217478
-85.43016399999999
56.938982
-312.84796
-277.895128
-28.81048
-254.207938
1.821469999999998
-154.40385999999998
32.00126
348.89707400000003
29.777648
120.57726199999999
-264.450694
321.13201999999995
154.55813
-220.62136
2.9406560000000006
-119.61261400000001
-154.043896
18.277808
370.368464
366.559484
-17.358880000000006
-25.495348
-131.750392
219.003278
126.163202
-164.330824
372.95000600000003
-78.799864
-49.803466
374.621558
185.01657799999998
-276.791944
333.82576400000005
94.99499599999999
338.42876
127.32953
158.97974000000002
215.240216
267.223676
-168.670318
-153.688018
366.180134
49.039736
-312.85065999999995
-61.581334
300.85278800000003
-76.87273
254.685722
-111.76324600000001
-21.84788199999999
261.64907600000004
-224.406922
231.14363
-207.80591800000002
-109.31583999999998
366.78279200000003
-14.056870000000004
-304.47817599999996
143.538548
161.502188
30.88535
342.311378
-257.092942
186.0701
322.06591399999996
-140.66557600000002
-237.20362599999999
161.133062
-318.941914
-132.71875599999998
-239.04837399999997
345.116228
-204.976498
-39.017398
-11.039583999999998
-249.315808
-321.660904
66.740234
-308.578198
-41.68699600000001
201.19380800000002
356.655128
-125.52393999999998
277.677014
-303.21506200000005
-156.48073599999998
192.467084
-134.75950600000002
-150.217906
270.04589599999997
75.231842
110.264576
-0.235120000000002
-295.390012
-90.419926
-271.47373600000003
48.488216
-192.6103
154.08122
52.081214
227.515172
-92.196112
-174.92988999999997
-128.121556
183.14799799999997
261.552164
41.535104000000004
-99.878548
13.195112000000002
318.667298
-78.26848600000001
-49.40469399999999
109.11425
8.426012
173.648588
-76.735408
261.991742
104.460026
-110.267266
-12.338391999999999
-197.41034199999999
-286.89725200000004
-265.10251
222.69412400000002
369.819572
273.59835799999996
-264.00341199999997
315.197726
55.79384
-13.400644
146.50448
213.044828
-67.855234
-180.35753800000003
-178.136104
239.19018799999998
-47.483968000000004
-61.27229200000001
-170.21056000000002
-125.61887200000001
65.6717
-214.204756
-26.42908
-109.66000000000003
291.36542
-58.687473999999995
288.083228
-189.163966
70.572758
252.133754
100.906718
387.29037200000005
-64.672096
-63.936148
382.062992
216.378158
75.887456
73.83173
54.704192
-167.461024
-104.53585000000001
-138.736066
200.854112
-322.65346
-19.67107
96.445652
-22.523098000000005
-323.314564
356.974412
216.966056
-150.366514
-199.36804
332.26975400000003
-167.06281
221.42879599999998
132.110276
-99.652594
318.99111800000003
47.066828
202.818794
-41.703052
-21.061156000000004
-53.472316000000006
5.318095999999997
55.657616
386.62169
275.175122
49.358048
89.398112
-90.61520800000001
361.60914199999996
-296.152492
-1.5661119999999968
-82.791616
61.455560000000006
73.745204
347.82116
68.99565199999999
-48.864946
304.60227799999996
224.298446
48.108326000000005
-274.673308
367.544588
-129.311662
163.370084
-128.375392
59.996947999999996
211.61553800000002
98.468492
142.429676
-57.548919999999995
-152.290894
-130.43448400000003
-192.17676999999998
-99.754996
-245.95376799999997
280.058864
297.072428
-209.062174
-3.8880940000000024
-243.036382
-226.214626
308.73038
48.17264
-119.94847599999997
-71.484574
84.564284
7.322468000000001
137.84118800000002
-145.44776199999998
-138.971488
141.460844
206.377196
-37.23631599999999
389.56874000000005
-167.249416
187.18197800000002
-118.82338599999997
114.35099
26.976578
386.068496
-304.707028
376.032308
-108.73274799999999
-130.60411600000003
22.33931
-89.473108
340.203164
-312.560446
377.326634
216.022568
387.469976
246.879806
115.941452
-57.05532400000001
386.060288
-69.325438
-189.262678
-247.78564600000004
178.09523599999997
138.407954
-102.12179800000001
-21.642574000000003
385.67651
389.726258
141.701216
158.82683
36.21389
203.130626
197.271374
-40.707831999999996
-247.72935999999999
-283.050454
-220.717876
-225.712426
-74.932636
320.360522
383.91553400000004
38.18138
-4.454427999999993
237.648632
193.588178
-320.500552
-16.547620000000002
-321.12606999999997
372.681968
233.337326
-269.40006400000004
-86.70235
167.621126
192.496028
-179.470372
42.491498
-78.99017799999999
-33.079486
57.413246
-157.053676
-62.17339000000001
182.21963
-51.196252
323.261384
145.739876
-89.142142
-254.717626
-77.178208
-207.788152
102.712334
377.537774
-8.800348
-259.252474
149.556632
371.1767
40.18991
-293.53545399999996
75.844688
-142.28485600000002
250.92365
-317.317342
-317.152462
327.753212
220.908884
19.084244
-60.051316
138.13280600000002
359.77227800000003
-221.483218
-285.846754
-307.418152
142.592648
-180.939172
-213.42328600000002
110.8742
-218.391592
-191.12477799999996
-323.14752400000003
-188.39563600000002
-201.782218
128.360588
-76.295992
-234.506308
309.15203
375.34082
-142.400704
279.437414
-34.28930199999999
117.60017
-63.882418
-312.198952
-90.79970800000001
-188.333734
-31.069120000000012
66.134714
337.764668
-215.243554
240.36578599999999
359.848544
364.11305000000004
383.19926
-128.84206
114.23661799999999
-205.51383400000003
308.891318
34.932488
-71.164732
127.23573200000001
40.30034
-306.01273000000003
-38.760898
-42.975094
53.655422
123.97724600000001
336.75006199999996
275.522558
388.64119999999997
330.73012400000005
45.019364
-241.904452
226.07868200000001
-320.50627599999996
-179.445658
-280.40198799999996
-77.584756
-180.21983800000004
-203.09735200000006
60.504908
357.28329199999996
172.67264600000001
128.021774
221.67716000000001
-223.202686
123.06416
-111.905284
-134.019112
29.210468
-25.733829999999998
356.408186
363.61812199999997
-26.413599999999995
-141.446236
388.897412
-246.186508
156.769448
260.672846
1.3683559999999986
60.917252
74.11793
-66.79928199999999
150.23876
361.35746600000004
386.90357000000006
-60.111346
-247.08262000000002
-198.782896
-181.517386
19.460588
-266.681542
212.34909199999998
-250.16578599999997
-121.67595399999999
24.088838000000003
379.285862
-165.1288
-138.153388
-231.788524
-306.307264
-177.02096799999998
345.27704
-149.37638800000002
-169.60945
-183.22816000000003
134.23055
17.838122000000002
50.8631
-201.75710800000002
-137.791138
239.926298
-240.84301
-54.12245800000001
-309.92701
115.63224799999999
-230.86314400000003
356.890154
-209.91109
-272.881876
-270.035914
-6.247731999999999
294.23399
155.995376
93.072722
388.461326
54.503258
222.777068
15.034388
-104.22198400000002
201.439814
33.761228
-273.73062999999996
-179.06691999999998
-160.15666
-10.758981999999996
248.35895599999998
-20.706862
78.16451
-137.468632
132.062774
-209.407126
-51.23093800000001
233.44980800000002
305.87370799999997
91.71995000000001
-27.29974
-27.941997999999998
4.100648
-204.89801799999995
310.06328
269.320784
-159.491272
382.28286199999997
-307.181236
-89.32253799999998
-301.37881000000004
-64.789402
-121.645768
-138.518212
-315.117832
-81.79200399999999
-245.36100999999996
-150.30846400000001
301.05973400000005
-287.681152
-157.843606
234.95464399999997
220.08196400000003
-170.781682
-141.160216
122.88187400000001
12.550874
76.428878
184.50399199999998
178.661192
-309.82327599999996
246.797492
-259.458088
67.848206
259.825118
71.829554
244.286636
348.284264
105.850544
191.197202
-146.248168
-26.030199999999994
4.216568000000002
-55.14781000000001
-235.276456
-271.199092
14.712854
-215.67688600000002
106.56976999999999
336.761528
362.919416
173.79383
19.43897
105.84602600000001
301.240094
-139.969678
-235.33853800000003
-226.635448
78.570536
-90.581098
145.349726
142.92968000000002
66.352226
-141.80665000000002
366.520946
386.02896799999996
-176.02936600000004
350.421116
16.918699999999998
339.999692
-245.80105600000002
-310.38223
-282.39730599999996
-210.12586600000003
-264.101368
288.660308
-135.77404
-267.896848
-76.714366
38.67845
78.310706
-273.25723
-321.831382
6.135044000000001
-144.519304
-62.330169999999995
364.636544
-293.83729600000004
-294.38300200000003
-72.78316600000001
361.05719
257.047106
-181.52078799999998
236.50489399999998
42.426068
40.980146000000005
329.960354
349.80373399999996
-80.3155
346.109234
293.896418
86.29925
-189.485914
-186.06748000000002
198.82337
-285.05227
222.08988200000002
209.220782
64.20506
242.11066999999997
308.233472
283.837316
317.717222
22.552592
-257.308312
-107.81570199999999
-201.020206
-232.94500599999998
90.57936199999999
329.76318200000003
197.276432
33.50759
267.05015599999996
-271.222492
-28.98158800000001
149.498366
77.07869600000001
-218.834806
-187.428622
273.146666
124.045538
48.342254
-26.124411999999992
-146.07878799999997
381.375878
-173.632054
-243.94791999999995
-86.72411200000002
-230.40254199999998
293.013356
225.860072
389.54121799999996
113.422334
-285.56919400000004
275.667008
-56.17611400000001
254.03413999999998
318.827768
-84.182782
6.499742000000001
-126.658804
250.891772
351.077216
133.982906
-88.74653800000002
-306.006088
-280.759144
-143.4595
-169.44835
-310.476046
-11.427340000000001
-80.12713000000001
47.248394
-312.258784
122.465858
263.723036
-274.734202
-198.42811600000005
318.95031200000005
334.707854
-98.715712
170.90340799999998
-98.222782
-244.81391799999994
329.15609600000005
217.05286999999998
-186.533896
-16.132306
-111.09769600000001
98.872214
13.225838
-279.31610200000006
-278.538826
288.70593799999995
166.243766
-312.756988
-298.14084399999996
26.931812
350.108888
-246.72094600000003
387.502466
186.51344
-268.22007399999995
147.367004
-142.65425199999999
-132.488158
329.99035999999995
-25.354174
-153.635746
-125.298112
-209.760592
36.321314
-141.27321999999998
203.213714
330.361232
78.125324
285.80495
141.10439
365.073314
92.269778
220.63739
40.777106
329.52524
-178.301362
361.604156
198.60094399999997
6.598507999999999
-95.42228800000001
-314.114782
101.34604399999999
-151.77371799999997
-23.843902
377.25983600000006
-119.11837
87.723068
-106.797586
-11.204986000000005
-84.53029000000001
233.73078800000002
-29.080264000000014
-181.82460999999998
307.733342
16.334024
-253.28054200000003
-146.02732600000002
155.602238
177.48575599999998
-276.74552200000005
56.682824000000004
25.949588
102.572402
215.81434399999998
-214.924288
343.61564
382.013258
-150.054196
-94.54415800000001
-210.57795400000003
104.519138
42.210932
-78.26078199999999
-87.02318200000002
187.943648
-173.875576
288.142394
-33.61374400000001
357.74582
155.454566
382.40069
-216.403546
-255.450784
-162.591556
384.97985600000004
82.137434
-301.62341200000003
56.492528
-140.39624199999997
358.43603
122.76672800000001
134.48242399999998
377.550536
-45.594616
-310.616716
-148.38545200000002
155.972552
78.387134
-168.355372
300.54947000000004
-174.95642200000003
-87.52028800000001
-10.215328
-96.781252
-39.62601400000001
215.756168
293.437904
298.240322
-213.69523000000004
-100.546852
-8.968360000000004
50.446796
-294.966868
9.641516000000003
8.066678
-19.667686000000003
95.351162
244.03145
66.928478
22.386812
-54.731325999999996
-92.75695600000002
-167.687374
163.620086
-225.42080799999997
-294.279808
-240.43311400000005
241.78226
-242.92802199999994
-153.53032000000002
-179.380498
152.69567
313.048346
-211.768222
28.729868
-32.006938000000005
343.406408
196.433834
-158.444536
315.28713200000004
150.144764
137.67186199999998
64.031234
-215.06940400000002
316.52950999999996
383.21961799999997
-221.31652000000003
-70.129588
-181.40646999999998
-176.17100799999997
272.61472999999995
-217.87978000000004
-260.617522
288.45633200000003
-212.042596
89.32928
-76.341694
5.848052000000003
174.508538
142.441466
-298.75991799999997
-196.47623199999998
382.62050600000003
51.912554
-263.511994
171.86871200000002
-294.12426999999997
-74.35867
-81.052222
-273.66583
110.54472799999999
260.8205
102.22413800000001
-14.667772
252.53819600000003
-311.063782
-43.623166
-237.526654
81.534272
-166.65503800000002
227.62876999999997
275.372222
321.98072
243.14593999999997
102.80030000000001
58.943786
126.166964
383.57950999999997
-60.91610800000001
78.10196
270.216284
-39.69450400000001
-22.217745999999998
147.012026
-225.36020200000002
-71.037598
127.691564
348.76079599999997
-306.851602
-265.48753
353.049656
-315.75177399999995
-12.055503999999999
-210.324424
47.32682
191.238512
-148.392526
320.589662
-88.21604199999999
-61.108096
-167.42910999999998
-194.303254
214.428506
126.996494
-153.532804
-231.95108199999999
23.85842
8.308651999999999
-80.334292
240.015668
-164.02008999999998
49.462718
-233.92823800000002
183.855938
-200.01386200000002
-40.602856
140.085086
159.10610000000003
58.571852
-82.43319999999999
-206.63107600000004
-287.07260800000006
205.649564
362.484752
156.830846
113.621936
-65.82163
173.749766
-304.84434999999996
189.80122999999998
-235.50307600000002
-75.151804
-151.407022
128.572862
-60.42044200000001
-176.85889600000002
103.364564
371.847632
63.993469999999995
336.7472
175.486694
284.516708
98.879846
-280.768432
3.7870160000000013
-135.96570400000002
70.468466
-139.389358
380.41169
-19.579071999999996
116.249414
-101.038036
301.464356
379.69916
183.474356
347.49937400000005
194.69201
-33.496024000000006
-279.95763999999997
310.50060799999994
96.875024
-189.80834800000002
-79.43650600000001
-291.446878
224.67777800000002
316.99742
174.86328199999997
-141.794824
-194.36929600000002
-299.16643
186.593774
153.02433200000002
299.28788599999996
103.284464
352.066982
382.844462
156.730568
-277.796632
38.363648
171.309596
-9.588172
93.901802
199.395014
268.760318
11.881598
107.151494
215.53151
249.623672
-103.222192
85.465112
216.082022
130.431128
14.698507999999997
-8.926618000000005
169.823138
-126.83252199999998
-256.57591
-7.779063999999998
-265.941004
-199.895044
-82.23561400000001
-92.41366000000001
-240.605212
-120.47391399999998
155.54219
274.74054800000005
111.39353600000001
369.26006
-178.75611400000003
-142.177936
-231.52864
261.587444
4.326889999999999
327.51705200000004
136.861466
-144.099958
336.07016600000003
-149.73536199999998
-238.60497999999995
-108.17167
333.57230599999997
199.008248
110.927138
-258.086542
1.0094180000000001
253.39478
237.889166
35.659868
379.22552600000006
-76.897948
20.849072
162.480794
152.431592
-167.52476199999998
206.13342200000002
57.875468
354.35395400000004
-259.87207
262.939982
249.572408
117.93365600000001
16.584584
-238.517878
21.855164
274.79665400000005
12.858781999999998
367.73603599999996
-109.01083
-263.516944
-158.70629200000002
162.60326600000002
28.87295
99.607118
343.02068599999996
27.088250000000002
-131.342962
116.89116800000001
-241.04531200000002
157.333838
-167.76655599999998
355.79582600000003
-43.052368
138.30773
-236.42203
-13.464022
351.90554000000003
-78.408004
178.717442
-183.587332
49.077302
-222.279448
-299.982424
-58.59282999999999
-123.72194200000001
109.57334
366.718442
-75.72827200000002
-210.234442
-24.776176
74.472458
236.042816
293.438966
6.285937999999998
130.726418
184.94546
270.896792
358.302452
302.890424
257.38266200000004
83.07323600000001
-66.16631199999999
20.657858
-170.54239
61.384676
255.342884
169.263104
-42.609928
-45.21085600000001
-289.59043
174.220286
341.644928
-300.92629
-38.112393999999995
-44.360698
371.783642
-261.69219400000003
-53.12813800000001
-255.61665399999998
359.32076599999994
196.46900599999998
-180.941098
366.64259000000004
-225.16389399999997
301.15895
224.935214
-252.79677400000003
101.341184
-257.87154999999996
169.28650399999998
-254.297326
83.099318
-0.8516560000000055
195.546992
372.457382
203.413208
304.938968
218.756642
-106.32089199999999
283.50194
47.588324
-210.57422800000003
-287.582332
147.1748
-251.60616399999998
94.477802
58.913168
-132.69874
3.9179480000000027
130.837244
-166.715482
-274.950508
-280.472242
245.88734
251.718422
206.950334
-84.22304799999999
-149.317816
-39.783045999999985
386.45612600000004
167.80832600000002
-171.792976
-125.53688199999999
159.469286
295.55582000000004
205.985588
-174.03777399999998
96.123992
321.084068
-118.53977800000001
337.65863
90.359744
-239.16362799999996
257.57464999999996
234.443174
82.149692
-117.62663800000001
109.95692
-106.285504
153.463316
-140.187046
-19.357888000000003
47.732378
-213.694312
-75.799606
-227.61965199999997
257.34871400000003
189.2903
182.686334
-105.57472000000001
-121.40888799999999
23.265194
-87.768436
-300.05728600000003
229.60814
-96.08764000000002
202.70633
-303.982852
71.212712
326.43647599999997
-150.645244
220.59895999999998
27.90005
-84.36580600000002
337.758278
388.540994
-266.720458
100.73661799999999
-249.51119799999998
181.38707599999998
141.119798
274.57115000000005
75.006464
-253.04801799999996
0.5896400000000028
167.81028799999999
-243.634144
-6.634839999999997
207.16924999999998
-58.528822000000005
-11.988328000000003
107.488418
317.936894
371.593958
-177.798424
256.735274
164.30459000000002
275.289062
224.49450199999998
220.564922
215.317868
-217.764022
-276.679372
-3.4108779999999967
-270.002524
-123.02600799999999
167.704646
-324.243652
167.195372
-136.99334199999998
255.22221199999998
257.65770200000003
32.739098
-3.5717619999999997
-13.721673999999993
31.10945
12.346772000000001
-35.975775999999996
-62.828878
93.729812
-26.256531999999993
-184.807066
225.79861999999997
-14.621566000000001
-304.178368
147.832718
54.785911999999996
93.12313999999999
312.50165
-176.71459
-213.12835600000003
-275.912662
53.5793
18.411728
304.962584
83.629958
85.756676
370.235066
-131.246086
387.585086
-107.410954
-92.679574
-145.92373600000002
-214.36540600000004
134.67610399999998
-81.822946
-131.714716
-193.753426
-262.88159800000005
389.90208199999995
19.842782
-255.325756
52.327598
-75.02148400000002
208.47702199999998
69.096182
4.6807700000000025
19.859702
212.31716
237.78141799999997
367.24802
-142.444606
254.25654799999998
-171.007564
-151.472272
-126.857956
-311.315026
390.490952
208.959926
285.69137
18.478076
-158.3239
-147.575488
-248.048338
-139.35859599999998
234.755456
373.957124
185.54289799999998
-36.680998
92.16539600000002
-259.61537200000004
-24.099663999999997
-145.145092
-14.589742000000001
286.21265000000005
-283.598428
-11.421633999999997
250.46270600000003
169.70871200000002
160.272878
379.681376
28.531724
195.883628
287.92470199999997
-130.700884
279.01056200000005
-164.351236
-193.43205400000002
-64.73842599999999
36.719438
86.65248199999999
188.224322
-115.238902
147.033356
-179.86979200000002
290.703074
-109.46379999999999
320.986778
-136.937722
85.155836
2.0241140000000044
287.95838
-316.63172199999997
208.050944
334.92623
93.938864
270.218426
343.767524
-107.979682
42.570319999999995
-23.917899999999996
346.843004
-8.591763999999998
-138.161182
-79.09996000000001
-92.622658
177.43000999999998
181.516712
23.276948
277.177046
213.908252
-171.737446
-175.08992800000001
-157.620586
354.84670400000005
303.83486600000003
-175.74582999999998
246.13583
236.174666
-144.421024
-310.32513400000005
-150.025612
-183.824212
280.83925400000004
183.762464
389.70761000000005
327.825014
-286.510018
247.749728
-228.39115000000004
339.06102799999996
3.0106579999999994
76.080776
-235.80786999999998
-300.19377999999995
-248.61573399999997
-18.452128000000002
23.861174000000002
248.60366599999998
19.65749
-162.37759
-237.37243
-131.344528
190.03949599999999
-254.99120800000003
26.62115
-143.381578
153.99717800000002
-168.275794
86.489492
100.72193
-278.41547199999997
-79.107124
-81.42032200000001
303.628946
-227.543584
-285.032236
178.09484
-159.952324
322.27053800000004
229.757666
12.0857
263.862644
-141.307276
-61.123828
-70.41496
382.30320199999994
329.087048
-52.04914599999999
223.53756800000002
176.94622399999997
-266.06446600000004
-245.09531200000004
148.646264
-286.517254
280.126778
388.866398
-188.196358
135.61917799999998
197.685914
327.88094
247.359038
210.807122
318.34160599999996
377.319182
-90.16337199999998
15.243134000000001
-206.894884
-170.304988
6.497744000000001
-160.248532
31.31087
-130.69384599999998
-36.708358000000004
-79.0069
95.210672
370.17761
-163.99503399999998
142.573316
239.368208
366.38958199999996
-62.72028400000001
224.131226
71.224232
270.26896999999997
233.96340200000003
168.688328
-216.34717
-233.339962
-56.860420000000005
203.24784200000002
-220.38559600000002
-94.102438
291.922592
-31.761634
-214.12445799999995
-20.858241999999997
-126.649822
327.932024
100.576094
-203.716804
272.151212
-183.796222
-100.051006
-119.04944799999998
226.845608
-281.05067199999996
337.545122
364.766414
153.529826
-268.998736
-136.481386
297.74957000000006
-304.693924
-130.843462
-259.11151600000005
156.922484
8.187439999999999
-232.93298199999998
369.049352
-285.092986
-312.10011399999996
57.694316
289.145156
-128.452414
-114.509668
-327.368524
-44.167072000000005
-161.04067600000002
249.696626
-272.791534
273.458534
-281.514424
64.49282600000001
-259.538584
88.376846
-237.878878
35.38877
235.16272399999997
89.182382
64.745024
306.11363
251.687768
133.035602
44.134214
13.610425999999997
353.751638
268.77137
-178.168378
207.528602
203.81149399999998
-247.93814199999997
261.028238
-255.27623800000003
-284.736928
255.97202
-258.335446
367.31962400000003
-16.614130000000003
102.768872
59.060318
-7.9458159999999936
44.108618
335.99323400000003
-225.327154
-66.90053200000001
30.201674
-295.92338800000005
-225.98467599999998
276.63843199999997
-260.15254600000003
108.12394400000001
267.401192
-320.18647
32.733662
287.004794
153.424148
296.81157199999996
356.49626
-127.21329399999999
-21.056439999999995
248.22446
-64.59192399999999
-3.582418000000004
-53.144842
-126.777784
222.72684800000002
-39.769564
312.06569
-276.139534
289.512392
0.2978419999999957
-7.227975999999998
270.700394
213.70810999999998
-223.15342
318.813314
145.125068
-86.98016199999999
-229.272898
236.889392
-232.05289000000005
341.22792200000004
137.91171200000002
-13.338724
87.238958
319.029548
377.064626
332.702348
-31.526806
196.00052
63.829814
-198.38588799999997
26.555846000000003
-205.425094
34.002662
-288.791158
305.839004
337.678232
359.006342
40.967888
111.246494
174.44795
48.864074
-102.819964
11.03405
-235.768234
87.90916999999999
153.036788
116.494376
148.37561599999998
189.463928
235.102118
134.137058
319.6904
252.12684199999998
100.74615800000001
217.22280800000001
391.20340999999996
130.805294
386.48399
184.10511200000002
-232.702492
-70.40142399999999
112.881254
-47.507025999999996
-155.959672
258.01025
-312.383164
-105.56777200000002
206.58504200000002
-2.789823999999996
-178.76340399999998
287.56090400000005
135.31829
-44.279392
72.268376
4.981388000000003
162.185468
356.632574
281.242076
78.912914
93.469622
139.966808
385.726532
86.434574
-192.372448
55.618124
126.580442
-197.44132
-29.978122000000006
80.576852
-39.770284000000004
348.642878
-75.666892
128.179382
-221.78574399999997
-238.183672
20.922116
-91.991056
-199.65209799999997
-127.396624
204.56923999999998
-146.031862
-33.20321800000001
259.5047
-273.55838800000004
-167.847106
1.673365999999998
-173.63167599999997
-241.17154599999998
-39.74862999999999
49.748882
149.859788
-199.70966199999998
227.79086
-118.11328599999999
382.714106
-207.84706599999998
9.809096
131.916812
314.547422
-239.29911400000003
8.200400000000002
-13.142902
-318.41527
161.97267200000002
195.152792
-31.377711999999995
22.78706
272.66433799999993
-41.91548800000001
-35.83667200000001
-77.827162
123.525878
-42.59286399999999
-123.10099600000001
-264.289162
-234.54029200000002
224.097314
114.694502
178.602512
131.398916
-176.961424
-44.629942
64.505984
118.080338
-88.268386
17.311658
23.645066
193.24157
-320.61042399999997
147.11889200000002
175.96572799999998
-207.86486800000003
-144.99155199999998
-164.678764
17.743856
76.799444
-43.348468
-204.88370799999998
69.09593
-324.888178
-61.48271200000001
-176.36393199999998
-247.22282200000006
-169.096036
-215.32223199999999
-225.50033199999996
162.900986
141.367082
41.988361999999995
323.783762
344.20901000000003
291.444926
-285.40363
-217.161292
-39.66005200000001
-237.40807000000007
-294.554614
-26.405499999999996
19.825376
-194.900818
-224.76366399999995
249.86775199999997
361.11749
-69.71692
-181.35544
391.28385199999997
-134.519044
-254.12512000000004
-194.32102
-11.034022
-138.23431599999998
-36.645340000000004
64.115852
-223.130524
-42.84374799999999
371.838164
364.314344
-80.71852000000001
-69.48682600000001
-304.873078
57.739549999999994
-224.79233799999997
79.642346
62.893741999999996
99.46785200000001
-253.73426800000004
299.36125400000003
157.34577199999998
333.93245
307.060916
163.786946
-298.200424
-38.616718000000006
176.26721
-275.462302
-101.80020999999999
-263.32441600000004
6.827936000000001
103.451162
87.201914
56.826788
-17.073940000000007
192.230402
241.46324599999997
387.087548
111.39443600000001
-32.18587599999999
230.364176
189.163058
206.892302
-178.16128600000002
285.458558
-110.2792
-284.17539999999997
365.15335999999996
133.027142
141.948266
-16.701375999999996
-192.645112
-90.204772
-105.97241200000002
274.00127000000003
-185.68168599999998
165.24681800000002
76.481816
87.174248
367.139948
169.92986000000002
-13.902879999999996
226.373594
-266.122588
229.05163399999998
-184.729378
382.37433799999997
41.401616000000004
345.70922
362.565752
386.79953
-296.217022
258.02358799999996
-303.766924
373.64858599999997
-193.956088
-29.560287999999993
-196.015108
-95.339236
141.561014
-293.154988
230.963414
-152.57326
21.262622
-152.57673400000002
-122.50065999999998
111.226496
117.2921
-321.624436
-139.14693400000002
172.975172
264.794054
-88.50488799999998
266.370836
-185.761642
-4.739565999999996
-224.82693400000005
200.003864
-95.82925
-223.19069799999997
368.687804
357.993536
190.214564
210.10609399999998
370.320242
305.347424
-143.787046
-161.70208599999998
28.456628
-211.17478
146.917832
-246.78463
115.61653399999999
148.70935400000002
-129.742492
75.624566
-275.292454
-299.32852
-69.97349200000001
-32.03210200000001
67.13222
-13.450558000000001
306.160826
-247.40663800000004
-222.20604400000002
176.15867
247.13778200000002
-314.81041
336.23591
163.052132
10.110757999999997
163.449338
-268.720798
-95.322442
53.818988000000004
-41.998126
335.48018
378.029876
71.670488
12.588296
340.42397
387.15081799999996
326.72345
115.26809
91.802336
-166.590976
196.29581000000002
-140.43613
-193.257292
-67.882936
-10.483708
321.50435
289.87154599999997
185.55377
-243.02151399999997
172.078844
-156.009748
251.16155600000002
-165.206686
-105.65838399999998
252.93790399999997
213.17342
142.688588
4.072784000000002
246.875486
-141.28823200000002
237.619238
-78.21311799999998
-165.919162
84.291728
165.61630399999999
114.167858
131.065916
-78.62305
252.359276
311.729666
5.154926
-48.38337399999999
-166.762876
13.840573999999997
-240.50606800000003
-228.60769
-172.331734
-15.386187999999997
143.228534
-52.158243999999996
351.14144
13.703036
356.97556399999996
193.209134
-213.89539
19.514426
-150.407752
178.056248
82.287932
-295.950622
-189.35994999999997
-228.633304
180.45202999999998
73.80743
44.262248
72.451886
-213.69604000000004
382.969364
112.680914
290.733962
-65.603038
189.25467799999998
16.131037999999997
129.407252
-121.694512
353.123888
373.73431999999997
-222.38390199999998
-223.05065799999997
167.27378000000002
-131.064952
132.757934
292.983782
320.30033000000003
-56.47712799999999
298.802786
-185.466442
-230.39937400000002
93.98984
285.092042
-25.520007999999997
150.083006
215.39575399999998
-148.557568
354.04699999999997
-12.799246000000004
-236.00167599999997
-213.22170400000005
-10.358787999999997
-190.220548
46.19831
210.820406
-308.696602
354.56626400000005
326.236928
175.55880200000001
140.20394000000002
-297.531958
323.151512
271.883066
-111.825166
-91.056766
-184.563004
-89.08092400000001
-293.90485
-10.457284000000001
360.17893399999997
-273.688888
304.329254
-122.23157799999998
64.05512
-321.12102999999996
349.525886
91.297652
-80.713948
-119.859196
135.70255400000002
-232.85307999999998
240.33457399999998
28.831388
148.28072
-299.63514999999995
194.05032799999998
-215.22519400000002
-93.986878
-74.914906
345.518834
-31.538866000000006
-322.99852
-183.125506
-326.795998
82.18166
-277.07195199999995
-167.44325800000001
121.703594
39.731306
-28.114311999999998
63.64814
245.36885
-236.71181199999995
142.046726
334.383854
61.062116
-318.612442
-259.33475200000004
182.205626
-112.86567399999998
-52.312954000000005
1.5588319999999953
321.53315000000003
102.14059999999999
-164.738182
32.594666
241.757888
366.89813599999997
263.233418
212.60274800000002
114.75246200000001
23.336474000000003
48.77501
83.755382
352.115636
204.705806
57.457418000000004
-5.813302
-18.239656000000004
-271.413976
300.90554599999996
227.60274199999998
-146.03484999999998
39.607376
-300.398782
-302.426302
376.910204
70.305944
260.186288
84.266474
285.508922
131.086526
-184.46495799999997
-306.346396
-39.06484599999999
-133.823272
67.09559
46.618484
51.715832
-40.168642000000006
156.309854
-26.946327999999994
239.6174
239.900234
-152.981572
340.68957800000004
223.22906600000002
-102.38834200000002
5.073025999999999
-193.09550800000002
268.07111599999996
-305.901706
-81.44743000000001
81.278672
43.171196
80.070746
-150.84614200000001
-272.837488
-168.807622
-313.10643999999996
15.191365999999999
117.145796
-202.207648
-148.41128199999997
99.678164
-147.94787200000002
-181.15519
115.668464
140.45977399999998
256.517006
-3.3116079999999997
263.992424
366.032912
228.69338
337.97267600000004
-204.18528999999998
-160.45087
-272.255854
-46.427008
309.52085
171.10976
-321.43945
182.04107
326.198822
-69.290212
-190.07310999999999
-322.276558
-220.71121599999998
-185.08271800000003
333.901886
335.852168
253.251086
9.335534000000003
284.89490600000005
-56.398504
-157.956268
-298.22785600000003
-12.411651999999997
251.49743600000002
-119.986942
282.549146
51.863684
-85.91135799999999
-122.087704
-264.08187399999997
-117.62606199999999
22.691804
-280.914304
-219.466876
153.482144
-249.35562400000003
35.308544
-167.82118599999998
-72.69046599999999
182.96502800000002
373.128674
331.61075600000004
297.682376
133.552688
-209.868898
-15.380518000000002
353.986088
388.72871599999996
355.721774
-308.47511199999997
86.017172
-267.514492
-194.05614999999997
-60.315160000000006
-249.57338800000002
-53.29856199999999
212.176274
17.76884
-316.636186
-175.85600800000003
125.370338
-183.08007400000002
-29.102944
-277.287448
-294.720862
-19.080850000000005
281.946326
167.7389
-300.178714
114.379952
-102.48916
130.631486
-13.931122000000002
-304.600144
-260.89429
-8.674366
131.576234
-208.53750999999997
309.75348199999996
134.823254
73.958234
-213.031732
92.246432
162.404744
388.851044
-107.913658
-211.95319
-202.55137599999998
272.519078
-311.840554
-106.09878999999998
344.14950200000004
-257.819278
-128.89148799999998
145.807052
174.69266
227.611112
44.039174
-21.892377999999994
162.2057
-267.178252
-242.809456
364.423046
391.752806
-74.700274
3.6078800000000015
-302.89325799999995
-18.401709999999994
100.230782
75.860744
7.3414220000000014
197.592782
-264.711478
-253.19185600000003
378.43664
283.977518
301.49900599999995
78.10478599999999
252.691196
133.501928
372.35965999999996
-63.81950800000001
-179.41549
314.14567999999997
-241.51552600000002
-258.981574
3.4051819999999964
318.080858
-39.943426
-13.960785999999999
-65.657092
351.152474
-37.33753
305.25312199999996
98.227436
-102.35952400000002
155.340032
-275.887588
-327.144874
311.85539600000004
-97.246534
352.506398
288.212666
90.289472
11.959916
-35.82502600000001
-140.335942
34.882214
55.760936
152.81492
-43.197772
80.47706
322.084886
-321.12742000000003
-28.63139799999999
-215.57406999999998
181.38342200000002
223.422494
-32.282104000000004
55.706900000000005
363.53156
120.134552
-142.747042
-13.062981999999998
-9.162832000000002
32.306198
42.758006
346.263242
24.409328000000002
37.49387
-17.537656
323.732786
138.503516
120.02549
-166.311508
288.434084
-235.30172800000003
-58.000414000000006
-219.310852
320.86308199999996
-163.497388
267.76094
213.47249
-130.670788
-88.317022
-308.951536
-243.08264199999996
158.526536
-226.82484400000004
157.685324
201.418088
375.31048999999996
383.00903600000004
225.45271400000001
130.665686
216.399758
-69.89818
299.79242600000003
239.081324
116.61809
333.09851
74.035688
31.481924
-124.23900999999998
279.744386
-185.097442
378.13802
259.169324
211.72436599999997
-165.27604000000002
-187.00214799999998
-219.554032
361.653548
51.758762000000004
-206.24119600000003
383.282366
54.786542
-311.900458
339.112292
199.43481200000002
223.817522
188.007404
19.659793999999998
157.62127999999998
-48.52557399999999
-156.78596199999998
343.54148
102.08537600000001
254.441588
300.51744799999994
141.949886
386.737502
42.27242
268.7333
230.796428
-215.393314
-71.73202
-109.55862400000001
-249.89486799999997
-194.102122
-158.723572
-103.68914799999999
212.709632
116.91851
310.033652
148.23526999999999
-322.557574
172.95531799999998
-36.22189
-243.25529799999998
-261.438106
253.73309
-18.928624
-206.452606
100.959098
-210.67304800000002
-141.57230800000002
361.21882999999997
328.5698
153.179492
-159.223072
309.017786
345.641882
-160.648024
-156.616078
-278.129812
140.988992
24.009494
-115.13833600000001
-126.25268799999998
18.415796
-273.265636
222.153818
181.25049199999998
58.98623
372.524594
238.66536200000002
375.701648
-290.27934400000004
-84.677422
-185.481742
315.033314
60.686582
339.637244
5.803501999999998
362.31855800000005
-160.878118
-178.38760000000002
322.81223
-68.345158
-55.27728400000001
122.463914
-68.38880800000001
-207.554332
-301.830016
-293.149426
11.250661999999998
-316.160428
92.54299999999999
-63.106762
-231.318508
-25.259637999999995
209.284088
-305.67402400000003
-113.83790800000003
366.991646
295.07201599999996
143.063798
48.476822
292.06297400000005
266.83689200000003
-254.54684200000003
-119.791516
-310.154674
227.457572
380.161364
-327.949186
-232.50225999999998
274.726868
67.075322
-47.135794000000004
202.30035800000002
80.359358
-295.56372999999996
65.78222
-224.320558
93.371576
223.333628
-248.74184200000002
-306.791716
140.311472
-117.57792999999998
-240.67724800000002
-268.962178
-184.249192
242.243996
-185.848978
351.04055000000005
156.323228
332.045762
326.13800000000003
16.683529999999998
-192.52894
351.57497
6.797750000000001
-143.11861600000003
175.77989599999998
280.653836
107.74563800000001
-304.45857399999994
324.230414
44.312396
333.61899800000003
224.152358
-227.629372
219.974756
-9.009256
-162.08057200000002
168.14575399999998
246.279146
293.948492
206.610692
-247.534654
273.74485999999996
164.00001200000003
-121.920682
41.493235999999996
219.54189200000002
-35.72935600000001
200.356736
181.68616400000002
-323.055994
309.868916
-302.525104
-209.728948
314.815334
-292.40114800000003
51.254222
70.49465599999999
-153.169852
47.97698
-45.99578199999999
174.62762600000002
149.63594
-18.268311999999995
280.40585
307.368194
111.745526
-316.72803999999996
342.864212
-109.94953000000001
-30.604324
-123.04537599999998
-174.44502400000002
109.480244
-91.98274
10.127029999999998
-104.764252
99.359348
379.83482599999996
-312.766726
199.00769
118.97252599999999
358.063592
-152.007934
-326.05672
-53.34988000000001
368.577284
117.339206
185.39038399999998
-286.714858
-103.52329599999999
-93.48975400000002
-123.625426
55.485752
-320.64777399999997
99.247964
276.166778
-15.369376000000003
-107.52663999999999
-10.888311999999999
195.91563200000002
-294.09206800000004
-160.81923999999998
352.756472
-240.592828
-183.11382399999997
389.788376
231.092672
-72.525262
105.17729
-39.384472
87.076832
251.89989800000004
-1.8293979999999976
188.28914
-283.886302
346.108424
-19.632928000000007
-137.28328600000003
-91.76967400000001
-316.68705400000005
221.891972
144.52150999999998
19.305842
8.730662000000002
-167.140264
17.890286
-131.662714
-144.340366
162.94159399999998
-81.77193399999999
-162.087574
-71.116672
388.98752
214.61453600000002
281.822216
-214.82347
-75.244702
296.68154
-146.423812
319.612208
187.482938
98.036312
-92.076052
114.075968
-6.120544000000002
-226.64064999999994
-20.126217999999994
-84.128044
102.389864
-251.31252999999998
87.403316
66.38819
-171.172516
-267.80445399999996
189.59248399999998
228.46343
-35.608126
93.84674
-117.23097999999999
189.190688
-21.766467999999996
222.97733599999998
-50.775664000000006
134.842208
-82.311286
8.459060000000001
-107.34629799999999
-223.12627600000002
297.01445
-96.488698
292.495226
323.238488
-318.836596
339.13175
-286.92324399999995
-0.5701719999999995
-25.285234000000003
-196.937374
-150.80078199999997
-110.399134
258.15713
-129.037756
-214.15233999999995
-17.397436
63.365198
171.84277400000002
-68.946664
-249.215008
280.983668
136.074578
-282.78634
-239.57190400000002
225.894182
-280.852654
194.028512
-26.119624
162.57691400000002
232.379762
103.723952
-310.256986
292.57052000000004
-131.53914400000002
-49.557081999999994
123.522908
57.434467999999995
150.57876199999998
-48.442449999999994
360.98668399999997
-167.352286
119.94404
-213.927484
-32.315224
389.138396
328.773902
30.53399
-79.60633600000001
-227.099938
-178.642984
-112.252396
-250.44215799999995
251.208572
303.54746
104.433836
130.58612599999998
-28.43284
-134.77646199999998
48.555284
-146.141662
-193.480348
-198.588406
127.64273
109.3622
-270.988294
-241.619728
97.753874
335.62632199999996
-115.40606799999998
231.43935199999999
65.509286
137.810606
-282.90180999999995
-35.099104
135.176378
-276.08682999999996
209.792714
184.59635
156.174782
45.011192
249.883826
214.570256
251.47868
261.802004
-150.20870799999997
380.521184
-308.58125800000005
-292.917712
173.45507
-256.473724
303.195506
-133.90094200000001
331.42429400000003
59.31608
369.809456
-140.88073
17.506148000000003
26.587471999999998
-308.04410199999995
-10.269274000000003
366.566936
154.511978
-222.39473800000002
110.103224
34.27556
159.14048
-209.393428
-115.82773600000002
-266.060074
231.70639999999997
-104.26367199999999
134.510054
-146.784496
51.304154
304.145024
165.671636
-260.79775600000005
194.75585600000002
-46.14923200000001
-174.370018
-97.54823199999998
325.49971999999997
-21.931798
-274.824742
-136.751296
165.945164
-31.042659999999998
-4.971819999999994
19.809698
-190.47353800000002
294.18909799999994
286.94548399999996
-80.41973800000001
326.744114
173.208794
-156.07066
-26.032198000000008
-106.510198
-126.81196600000001
-44.043555999999995
47.71328
336.95225600000003
-263.417188
182.09721199999998
-266.12482
-78.69222400000001
284.08802000000003
133.376594
-224.003398
43.361762
-0.5470419999999976
22.413056
-262.133428
-284.29807
362.70941000000005
-169.204684
267.388232
182.89112
20.468966
-259.725136
-14.879686000000007
-111.21860199999998
298.670972
125.625866
144.467978
197.21235199999998
-64.242958
380.30738
300.254198
199.137668
-138.136594
0.6992059999999967
19.964156
41.968723999999995
301.12385
-30.527679999999997
-309.46603
138.55811
-56.96179600000001
382.245206
-210.28921599999998
-232.458682
372.398522
-203.968264
294.15808400000003
-21.300717999999996
-68.92187799999999
206.73402800000002
339.970442
171.219848
102.665282
360.9536
-97.54702599999999
242.66256800000002
-61.073554
-307.43248
286.08467
-289.39473399999997
11.983819999999998
147.197516
-16.94983
31.586432
387.12952400000006
8.33504
-288.962482
71.775122
-96.81753999999998
-149.75233599999999
-205.44309400000003
270.527432
185.13986
126.807566
-69.942424
193.817606
170.33613799999998
-112.461016
-188.38696
181.383962
-88.14028
185.00171
-185.752516
-176.581174
-293.17891000000003
10.261220000000002
184.428284
-189.80111200000002
104.269982
163.555952
29.01677
355.909442
-259.5856
50.57591
-283.950004
-303.86704
-202.61911
164.031908
329.096642
328.807706
-282.300916
217.42484
177.248282
-171.518692
-186.041092
-22.501012000000003
191.20753399999998
127.7681
-62.766436
128.726438
237.295328
-151.01426199999997
99.324032
97.721024
-322.76173000000006
178.91342600000002
238.602668
260.91374
-320.22918400000003
31.31348
-1.9629760000000047
-119.22395800000001
302.758844
-312.19528
-41.619063999999995
166.454438
-97.91215599999998
-179.42850399999998
-320.16159400000004
230.662454
-95.38686400000002
343.75524800000005
-43.979907999999995
-163.58125
-245.82269200000002
167.869112
-135.093478
-51.27941200000001
-293.470438
51.27899
241.21324399999997
-86.80302399999998
-85.40554000000002
-54.261184
237.68801599999998
-36.76802799999999
-293.410084
50.480942
388.769126
355.74116
-164.53382800000003
227.714324
-72.739228
135.626594
-2.3986480000000014
203.369828
21.072181999999998
146.891336
187.64312
9.714182000000001
105.646118
-149.206864
-277.294
178.86839
149.795096
-174.781912
65.910758
-34.562866000000014
55.03946
120.344504
75.422246
357.605096
360.224762
357.87983
-144.09529600000002
-216.952924
259.509902
-295.44277
157.67114
-217.80837400000001
-252.88934800000004
-17.282667999999994
-256.160164
378.04433
-98.46734799999999
-50.05136200000001
-150.338254
-115.012498
135.929732
-86.338552
-190.20807399999998
310.58688199999995
-179.00271400000003
169.122614
72.61502
77.841716
206.30686999999998
224.50393400000002
-60.508191999999994
-159.489094
269.469338
-288.513598
-319.64816200000007
342.90581
265.188182
111.490808
337.604918
-237.172684
335.11850599999997
-111.94177000000002
-50.068498000000005
189.70471400000002
-177.142108
109.670594
-47.14160799999999
-43.085812000000004
-271.012288
272.16910399999995
17.640608
-78.01839399999999
51.025459999999995
-14.485864
77.629892
57.101
220.070498
184.55678600000002
-270.69142
-288.77864800000003
-30.430768
-271.767874
162.608972
39.562538
154.10955199999998
-40.027738
-159.69594999999998
379.988474
-166.995544
-187.80971800000003
-296.768038
-165.427258
-276.11552199999994
-261.076288
302.439092
-105.839752
-243.38201800000002
310.96652000000006
-325.42231000000004
51.850346
-243.73213599999997
219.11837
-103.338292
-283.798768
301.300664
113.890568
147.83604799999998
58.599464
-101.34790600000002
345.874802
18.843062
37.584428
-81.923134
-281.72011000000003
-147.77212
-179.59196200000002
383.57897
265.803062
153.565448
41.838512
-26.49217
261.23476999999997
-165.66457
40.98146
-88.58691399999998
-278.736538
357.070982
-99.939874
100.10874199999999
385.701296
265.34391800000003
-58.141498
98.90213
60.304352
-290.41508200000004
-262.60142800000006
-193.89254799999998
-272.977204
220.987706
293.60839999999996
316.66726400000005
324.715316
-9.096682000000001
40.801478
74.631596
19.398452
11.301872
-37.786432000000005
-62.74156000000001
302.56772
18.532975999999998
216.06875599999998
218.50275200000002
69.676052
-131.057896
-303.75373
60.281726000000006
101.18965999999999
210.005744
61.373282
-149.41224400000002
256.466786
-79.46579200000001
50.47043
-76.34651799999999
-74.37706600000001
140.076788
321.91331
226.109642
31.129448
-198.376834
-212.69218
48.590384
230.253602
-198.324634
158.156546
164.135966
39.037154
162.907916
-23.846439999999994
74.730362
224.914064
118.468868
280.065776
-227.26046200000002
-267.535444
228.41247199999998
-262.17648399999996
352.59647
-197.51571399999997
-59.058256
-250.18627000000004
-68.52850600000001
132.57148999999998
256.71070399999996
-325.18499800000006
-325.177744
107.01636799999999
53.788802
-67.35703
47.517692
242.33781199999999
-77.169604
128.093702
-38.54961399999999
-197.561236
362.807996
137.527322
57.06671
-42.69712
-124.89808
170.57827400000002
366.742778
-229.890622
364.586954
225.88658600000002
-59.31891399999999
382.067204
52.38563
61.757690000000004
21.053822
27.209426
-262.54543
317.43820400000004
95.416502
-92.235982
-3.0297100000000015
156.31484
76.934768
158.372366
351.730796
224.09979800000002
116.870432
21.923113999999998
307.10960600000004
210.87735800000002
207.54615199999998
-145.293268
268.45795400000003
320.21223799999996
68.91591199999999
97.884806
96.941858
-65.76602799999999
270.27878
203.979848
-172.314004
175.140788
-151.30525000000003
213.504944
16.634282000000002
79.91042
185.61569
-204.59698600000002
281.16325399999994
68.474696
58.404632
-8.198481999999998
-22.660455999999996
364.95930200000004
80.193164
51.64682
260.748014
27.809006
198.077972
326.89592600000003
48.238592
202.001378
109.50935
120.95202199999999
-270.822928
87.927116
-284.909494
-13.913913999999998
79.792124
174.816482
24.336176000000002
-132.393352
-168.911086
106.514222
382.322426
378.50800999999996
352.770494
376.837448
246.38498600000003
82.340168
-11.548713999999997
-195.357172
-133.78419399999999
184.18883
174.61144399999998
382.940744
368.97769400000004
-116.00912199999999
207.900374
-162.58817200000001
-167.414476
266.91738799999996
49.438832000000005
328.46738
-218.26220800000002
-324.70677400000005
-223.61456200000003
54.531428
260.172266
-29.967484
280.101632
-194.35766800000002
217.072148
306.200732
11.010632000000001
153.78886400000002
69.151388
236.00083999999998
-277.147606
67.665668
99.04308800000001
133.299032
140.609084
91.333922
-201.186202
155.79768199999998
5.353735999999998
-151.086388
151.19988800000002
-210.15022
-195.584674
177.6011
86.10796400000001
330.3896
-36.435568
-40.247662000000005
-261.282262
-277.866166
-247.35967599999998
-85.90889200000001
-227.205148
83.694398
-188.93948799999998
286.926062
-302.487106
174.655076
364.56342800000004
190.56113599999998
-274.56622600000003
277.934972
289.689476
155.072354
171.249458
90.497084
9.407084000000001
175.20636199999998
152.284838
268.42643599999997
-172.18453
-2.761870000000002
105.991844
96.200726
67.528922
-47.001316
248.51813
-53.01619600000001
22.5041
326.113736
-199.773184
-268.57008400000007
-141.406906
-36.25005999999999
-219.67222
322.501478
216.658058
304.82772800000004
-198.681718
-54.63525999999999
312.536516
122.891288
284.292734
146.62805
-286.73206600000003
294.78965
-89.88654999999999
157.89342200000002
84.275852
181.91921
129.86078
227.88494599999999
-263.01188199999996
-244.04787399999998
296.819528
357.61546400000003
297.04892
172.333004
37.42286
159.71837
-123.56865400000001
376.876994
-252.12755199999998
-175.20381400000002
157.26248600000002
289.86524599999996
-30.795789999999997
-149.85913
-89.14588599999999
228.307388
46.718888
240.83547800000002
226.354964
327.605252
-121.348984
-177.53062
-182.548966
-189.709312
122.98008200000001
257.760014
9.446288
-62.99104
321.51803
295.579796
-272.599528
246.959258
328.31115800000003
-238.41497199999998
-106.70278000000002
-312.86794
-305.88964599999997
-70.060036
-227.18876800000004
-196.027312
-20.29464399999999
203.451242
45.858722
184.79800400000002
90.627764
313.347074
-18.200632
65.41467800000001
-142.671298
297.134492
303.650078
357.778418
103.694684
-217.87981600000003
261.777236
-91.30102600000001
94.38549800000001
-164.104672
-273.447328
-300.73408600000005
-302.711404
161.925116
55.987286
-161.316526
219.78537799999998
380.59196000000003
82.100048
375.239516
321.809306
76.997894
-29.728786
-116.53022200000001
373.87754600000005
-297.01539399999996
-97.404808
33.418976
-216.033304
293.43613999999997
342.339854
-43.235896
85.251272
290.53265
-154.915006
2.1674840000000017
-307.139224
-245.85439000000002
378.87659599999995
-239.16393399999998
-243.155038
138.114842
-315.854032
-226.867774
71.667104
389.53770799999995
-325.37659
337.65665
125.26631599999999
374.596178
111.427214
35.0951
-317.330752
106.637918
-122.54312200000001
-173.938288
269.93064200000003
268.99051999999995
188.049776
-253.48109799999997
11.997932000000002
-82.95149199999999
-104.559034
351.73731200000003
383.86943600000006
322.422818
48.738272
-241.778956
11.73722
-131.364274
340.759148
372.36524
-101.02268199999997
278.400902
41.95445
-295.826998
120.018794
98.186792
332.87261
161.403008
124.143692
-228.77175999999997
270.80033000000003
-227.772472
342.241682
137.664986
-239.286766
363.645446
339.029726
-119.949232
338.439668
-132.377242
-1.9029099999999985
338.260766
153.09015800000003
164.43678200000002
131.143136
-33.537046000000004
-310.59192999999993
237.72866
-95.61379000000002
278.142098
190.886972
63.310874
-114.62520999999998
140.575298
252.43649599999998
207.51618200000001
-169.983472
296.364272
-204.845188
127.939802
-181.274098
-317.05276000000003
340.26857600000005
259.926782
-10.994979999999998
-253.116778
-3.227187999999998
25.035116
-130.130194
-182.857954
250.143728
335.870384
214.18339999999998
89.828204
-65.47932399999999
390.047144
-272.96878
-177.131938
-98.65317999999999
-103.80544599999999
274.78284799999994
309.567992
-87.352456
-213.394072
49.948898
94.77194
163.424984
226.550858
-290.41492000000005
235.857722
-254.02576
-226.32780999999994
-113.23132600000002
-270.104908
66.93233
-51.820024000000004
155.365412
310.702964
166.30439
303.829646
390.199082
297.70107799999994
-134.76919
-69.252988
-58.058176
-245.56325800000002
-223.15954000000002
-26.605677999999997
-150.24172000000002
-15.303621999999997
299.831036
113.56471400000001
-74.591212
306.910904
1.538419999999995
-276.94085800000005
364.92224
289.726502
177.682496
315.92726600000003
-319.84177
93.096806
177.14740999999998
23.414234
306.90658399999995
-215.385394
387.66893
345.265646
284.613692
145.178708
92.31917
-21.224235999999998
-41.323846
-8.827402
34.260404
-140.076904
330.015938
-16.588768
55.603814
117.85865
-204.49091199999998
321.880514
23.576017999999998
143.895236
170.258576
87.339722
-129.757198
256.537454
-173.72414199999997
202.25226200000003
-109.96470400000001
-91.33589200000002
-14.988136000000004
-171.660298
143.07197000000002
130.74575
349.919924
-135.404266
94.62307999999999
55.272254
252.50676800000002
8.372696000000001
155.469902
-44.42818
-190.48885600000003
10.493113999999998
-243.78627999999998
-213.29743000000002
234.47804
-126.85124200000001
17.897504
-188.23248400000003
99.09552199999999
79.11818600000001
177.49256
-275.62113400000004
167.93465
31.525106
33.776384
-311.17476999999997
-83.022664
-279.99142600000005
203.511056
170.01377599999998
-157.427968
309.789878
34.685366
375.07852399999996
157.12986199999997
202.23267800000002
237.29885599999997
319.239356
37.367654
338.738486
284.267876
263.535638
-266.75957200000005
35.197592
-301.275166
-93.40301199999999
-66.7021
-273.696916
97.21895
-229.508626
38.361326
149.49572
-268.973734
355.53268399999996
178.311038
-228.58409199999994
-35.74483600000001
349.959362
369.67541
89.73838400000001
-269.56640200000004
110.2685
164.278256
16.738394000000003
295.074752
-138.295876
124.014038
183.41528
-93.342262
123.27890000000001
-190.521166
78.802322
157.835066
165.77456
316.63947199999996
141.728378
11.937956
-16.058343999999998
335.789906
135.193082
116.693546
-41.566198
152.174678
-82.484806
-21.090154000000005
-192.17268399999998
72.67496
-118.27352200000001
238.047422
-145.687486
184.160444
28.069952
-8.104216000000001
46.055372
298.237172
142.103804
8.040613999999998
-213.82391199999998
245.389316
260.150342
-259.348756
-125.65294599999999
251.292938
-116.00401000000002
-182.63066800000001
239.48011400000001
70.433348
207.075146
264.156836
-313.292434
-24.175551999999996
306.936554
-67.198234
346.777754
170.40687799999998
249.710216
-50.13425199999999
180.939776
338.475452
73.231466
175.02969199999998
-321.33298
-288.104404
-204.91733200000004
-96.73465000000002
-297.459796
221.244134
275.80667
92.23519999999999
125.13261200000001
-161.248468
-318.10360000000003
-8.807925999999995
-320.15036200000003
-33.91565800000001
103.964144
-53.02354
-133.264462
323.72094200000004
-212.08788399999997
-256.502128
109.661198
363.71418800000004
-36.334642
-248.144836
275.64566
-258.401542
-309.134812
-294.76390000000004
156.617114
-47.624224
372.83878400000003
-311.269594
-325.279876
-318.629794
77.101358
127.130792
-142.107682
49.218818
-148.191664
282.42044599999997
-31.994176000000003
-90.171526
-26.62699
32.454158
173.173208
-241.83135400000003
-37.342209999999994
384.05345
49.547408
-302.00168199999996
82.136156
313.958156
371.135822
263.934626
-119.842906
16.391156
-315.233338
375.206432
273.904304
264.986762
121.843886
-1.8260140000000007
171.015728
-178.481866
154.49705600000001
-276.59963200000004
-114.48671800000002
-265.181872
346.391798
-249.65309200000002
-87.86623
-82.554916
230.59650200000002
186.373292
267.987596
220.542242
123.658862
93.970796
107.428136
-168.629944
-180.350536
270.29813
150.592478
-8.460183999999998
-177.39481
-254.84614599999998
362.404202
-76.73206
248.851436
-303.57518799999997
125.26676599999999
261.200552
-204.80398599999998
67.701668
290.278688
-252.390622
312.725102
48.30008
-30.483147999999993
-265.56574
172.22313200000002
-122.66312799999997
191.350112
272.8211
240.965924
366.159218
110.678558
88.69634599999999
294.30256999999995
-97.097296
295.01101400000005
286.60685
371.844068
29.39846
-1.1242299999999972
350.827502
-203.23021
91.043924
103.01594
262.034438
-276.47896
-258.095866
-22.543132
317.212898
152.57593400000002
-326.295634
379.02599599999996
-126.19912000000002
-64.672348
-223.130164
-172.46630199999998
-311.98954
226.689044
-171.82516
-266.019106
219.443828
-66.1099
-274.89396999999997
185.66879
-125.230918
59.465948000000004
-252.529564
202.62063200000003
-148.68391
-177.833272
103.62074
135.54059
-230.80057599999998
-241.32530199999997
64.40018
187.75607
100.595084
184.015076
-191.825014
-259.502854
-298.42596399999996
281.331428
237.77223800000002
257.269928
267.03771800000004
156.463322
-278.46367599999996
-262.66982799999994
-76.672804
262.809824
-115.86526599999999
382.49985200000003
324.47958800000004
-248.14177600000005
-272.175034
371.130044
-173.248294
195.61037
105.850328
-44.96251000000001
192.77555
53.49506
266.767142
-279.64859800000005
-301.752184
92.866244
3.134138
-7.102893999999999
313.010312
-44.169088000000016
352.72585399999997
339.75293
-102.92683
345.07768999999996
20.553188
273.748748
222.04477400000002
343.06649600000003
43.3076
178.16190799999998
-320.786428
-218.62913799999995
68.1359
-285.613564
24.626732
-246.692362
-250.88978200000003
183.28344800000002
-311.63326599999994
192.54892999999998
-76.848628
-261.342274
-242.036698
-7.525335999999996
-163.381216
-193.250128
300.142778
123.798722
325.05908
111.88000400000001
276.78263000000004
-302.908486
-217.918642
250.64182399999999
-127.51906000000002
13.504567999999999
-277.94668
27.82922
47.171642
-98.084938
271.410134
-316.559812
118.06795400000001
-179.17407399999996
-5.4521859999999975
14.553643999999998
-326.021512
106.208042
-184.667836
-327.732538
-156.466984
246.91668800000002
92.427908
35.127842
172.382342
-179.53612600000002
164.553386
-168.77585200000001
356.21569400000004
-225.23546199999998
-171.412636
91.253336
370.898438
35.024306
-191.50564
177.17333
141.18481400000002
-22.649296000000007
-203.24848000000003
-71.817034
-124.839562
94.84826000000001
371.95844
77.08649
-181.914052
-300.389062
66.893522
38.266268
-65.343064
-209.50070799999997
367.256912
-249.88946799999997
-126.56419600000001
-150.54259
-205.656646
-315.77593
385.53839600000003
-124.829104
-10.345593999999998
140.08343
-147.395992
346.714268
352.55292799999995
151.72169000000002
359.713616
183.985016
220.282196
-306.55134400000003
-188.673124
317.771384
186.354068
-0.607053999999998
-307.65450999999996
256.47449
350.059118
-223.86937000000003
316.457654
28.119974
184.017416
287.1446
-168.93157
260.682692
90.407588
58.109054
141.76363999999998
391.59993199999997
221.479502
-83.29320399999999
264.3062
-250.04281000000003
-286.01786200000004
2.6980700000000013
56.738299999999995
60.17459
-300.032662
370.956974
358.859354
342.955724
15.087146
122.395604
-58.65107800000001
-276.88711
32.120276
245.67711799999998
17.023136
139.535798
-222.06477999999998
-292.70707600000003
365.629964
117.579668
238.80686
309.761636
385.52657
-17.755564
-197.512492
-127.998922
18.927518
-307.54186599999997
-109.04137599999999
-144.568228
-102.75570399999998
-193.59988600000003
84.17867
85.41032
37.452236
-30.953506000000004
299.887754
121.339436
112.516232
10.773913999999998
-173.874928
349.975454
238.01856800000002
372.52121
288.633344
279.194432
316.23899
375.555362
-39.81514
369.63595399999997
8.690288000000002
307.81862600000005
-173.85401199999995
385.10792599999996
-126.85743400000001
333.37419800000004
-283.18054
51.73016
-107.30576200000002
348.60416
-195.220138
176.126018
272.48784800000004
-148.744246
-308.106346
318.01847
-132.52286199999998
-200.75854000000004
-173.422192
-268.238596
-117.98015800000002
142.10933
316.630994
151.65156199999998
32.982962
213.592604
-269.73495399999996
61.305494
-232.35808000000003
-138.01275400000003
-231.128914
-280.05141999999995
334.74156800000003
329.664578
16.457324
297.139118
-142.63846600000002
-78.561616
289.47479
152.60531
-12.372195999999995
-108.2011
-110.523964
-43.277854000000005
377.006738
-323.09156199999995
363.377534
-130.235782
307.926698
137.518214
363.73748
-31.885455999999998
116.422268
-128.997814
58.083656
160.674242
38.699726
160.746206
-255.78479199999998
274.92918799999995
114.024146
44.165245999999996
-117.47493399999999
254.555114
377.70196999999996
74.493212
153.45417200000003
-220.85746600000002
-258.70504
316.168358
-286.81679199999996
336.12179
339.07643599999994
357.881612
279.468374
68.29367
-122.67884199999997
137.427584
61.691863999999995
144.9068
356.041328
-61.417372
-108.936814
341.989988
-59.694177999999994
130.83395000000002
18.737654
53.140658
-201.23031999999998
-126.33025000000004
-316.923862
82.95047600000001
-216.39058599999998
-262.25874400000004
85.37009
-33.090376000000006
-43.65328000000001
103.110242
387.166694
-50.056006
-149.33668
175.99276400000002
-154.498954
46.290812
-178.380202
-91.75980999999999
-299.582968
68.37522799999999
-17.205825999999995
380.29217000000006
-210.092422
7.017817999999998
-43.238416
193.13888000000003
-301.043092
-33.22532199999999
-28.66684
180.349934
239.68580000000003
-30.214732000000005
140.641394
-145.887178
379.64685199999997
10.373504
-179.003668
35.003624
349.99723400000005
-17.301207999999995
-83.73667
-209.45279200000004
10.721408
345.033284
87.613988
148.565966
-57.274240000000006
48.66584
61.378376
-189.36328000000003
-177.274876
60.198854
136.768892
271.70430799999997
-13.510209999999994
161.905568
354.17964199999994
-295.794958
-106.080952
-131.779876
-62.69288800000001
65.981228
218.12603000000001
115.888136
-28.946902
126.092768
-192.64988200000002
-205.56587200000004
-109.78430799999998
249.35387
-298.693786
70.328732
-69.856672
192.066728
208.78672999999998
95.89874
-238.923994
21.682328000000002
40.154594
-284.06270200000006
11.817806000000001
129.367796
199.343264
255.17971400000002
0.47134399999999843
-98.46659200000002
-93.70307200000002
193.35992000000002
-0.7004380000000054
-207.095548
84.854084
256.46977400000003
-98.77554400000002
-318.90578800000003
-270.542938
343.98253400000004
76.497242
327.268868
-60.293397999999996
-149.345212
-273.386128
-141.972862
207.62231
105.54845
375.19971799999996
23.5193
118.27777999999999
181.284458
-46.261821999999995
359.974922
-125.49803800000001
388.43985200000003
334.644746
293.871254
-171.483142
118.523786
51.944162
-292.042534
208.51885399999998
-255.793792
121.369136
184.83044
245.582258
-248.749708
-84.57493000000002
216.424616
224.78338399999998
150.886022
329.480168
129.372908
-106.274956
-293.90333799999996
-291.617842
43.820906
265.41327199999995
142.53521
317.145164
-40.28385999999999
-305.31523
186.97627400000002
166.82918
50.57195
-87.34367200000001
-306.646906
264.89073199999996
273.734114
-12.929763999999999
144.70057400000002
-244.180246
-320.650078
237.95441599999998
-16.383837999999997
-113.908234
227.66252000000003
238.937612
-302.917846
23.301374000000003
281.34237199999995
236.75602999999998
274.17131600000005
361.52338999999995
150.208268
-65.56278999999999
-26.856759999999994
301.34859800000004
-203.73188800000003
373.626734
50.662183999999996
-206.173336
-285.20437000000004
-270.744934
-302.163322
277.032434
148.396352
-114.121138
184.48259
-17.902372
340.586564
130.318052
380.969384
-278.133466
380.377202
220.79906599999998
-282.734518
-70.95353800000001
-238.21144599999997
-62.78400400000001
-26.898592000000008
-36.330034
125.616164
56.739236000000005
-269.90921199999997
1.1158339999999995
-78.079666
281.36166799999995
-12.393004000000005
103.505342
-245.39461600000004
161.31578
325.27931
-245.56018
75.95393
247.09487
346.43116399999997
229.00440199999997
203.72280800000001
-136.131664
41.009072
-85.43397999999999
-318.81508599999995
95.991548
-70.13865999999999
-123.331252
111.150284
-271.44796
216.295214
59.183564000000004
287.02596200000005
-206.51736999999997
-69.85246
174.53197400000002
-138.984142
173.20514
176.13469400000002
-209.03927800000002
-40.07788600000001
-66.397576
275.155196
-218.44271199999997
334.347368
-16.007728
-5.376442000000004
288.23892800000004
-198.91440399999996
137.897834
208.791572
75.690446
-191.089048
246.92340199999998
144.050468
324.409352
196.279358
-43.845933999999986
109.62401000000001
2.181955999999996
165.92075599999998
-171.925456
-211.96739200000002
160.103102
7.644866
77.61801200000001
43.902356
85.37208799999999
-72.949738
-37.01277399999999
61.560697999999995
378.52358000000004
-74.18207199999999
38.897006
-199.529716
150.299888
223.291814
-160.71426400000001
-29.681122000000002
-80.295916
-231.46249
343.30316000000005
245.075756
14.783504
198.77324
367.832804
270.04150400000003
-4.6848639999999975
-242.648284
-154.33312
24.500552
66.56729
-138.292024
-92.030854
-23.711223999999994
120.488756
106.099592
23.622242
323.61375200000003
377.495402
-255.624952
-148.78029999999998
-203.21291200000002
153.27365
177.341054
-273.340786
87.96426799999999
-176.10325600000002
-214.117762
-61.630258
179.499902
389.076584
-199.544152
188.981024
105.15451999999999
303.033758
366.02806999999996
196.04733800000002
-98.07523599999999
326.663906
293.781974
-33.22219
115.637018
157.673588
-297.36716800000005
-106.10971599999999
-46.63285599999999
38.982992
-284.04997599999996
-325.414732
180.662108
104.70704
172.738706
-12.594963999999997
122.11678400000001
243.77421199999998
236.80365799999998
-121.98805599999997
-214.325806
-302.540656
-304.4353
330.3473
166.018694
-27.102370000000008
-289.781338
-21.447003999999993
-180.768262
21.564734
378.257108
-165.914554
36.990266
200.40841400000002
-78.957796
32.00846
57.162577999999996
39.571124
-290.52916600000003
-107.53789
122.98677799999999
2.728183999999999
99.437036
126.355244
-57.945964000000004
-125.03419600000001
197.12705
131.634392
90.673844
47.204798
-23.641419999999997
-43.87080999999999
316.431698
76.66469599999999
154.611392
227.12208800000002
213.023786
298.61816
-14.128419999999998
-174.03258999999997
-52.54844799999999
266.325674
202.229078
41.662994
-41.10628
316.93794799999995
-44.901039999999995
-96.328948
370.42246400000005
204.165356
143.155328
-81.625396
274.49722399999996
174.876152
-166.703872
-205.261366
223.811654
258.933614
-164.54012799999998
269.128832
161.42324
76.839152
-49.720395999999994
215.734334
251.211362
219.85559600000002
10.189328
-288.559336
148.47251
-181.716556
-111.39334600000001
381.7535
224.402486
-323.293684
-54.72248800000001
-312.653002
137.117066
301.94807000000003
158.729882
-232.19995
252.90766399999998
-222.41009200000002
334.416362
5.674441999999999
-177.671902
-16.692303999999993
-278.099428
369.67837999999995
147.763634
-59.29978
181.419116
-113.135602
152.92445
7.910096000000003
-30.405118
223.772576
177.061712
118.146974
58.209854
175.254746
120.589808
92.431742
-66.76578400000001
-264.07516
-284.820034
-9.99841
-59.252368000000004
-115.118536
-74.029612
141.478016
-247.28251
-38.107264000000015
368.35255399999994
-266.090548
223.21531399999998
-159.45075400000002
375.093194
-208.68012400000003
92.30702
-126.39454600000002
338.718848
196.11433399999999
-76.14790599999999
66.628436
-173.60429800000003
278.881916
203.392166
-224.66828199999998
36.678038
-245.952814
333.266396
43.325942
-134.43883599999998
222.930104
-249.30068800000004
-112.52324200000001
-280.914952
55.118444
-217.55900200000002
-190.87378600000002
-80.809762
20.132708
180.88300399999997
333.251708
-291.37261
281.984036
144.50424800000002
-250.24739800000003
270.31433000000004
11.988751999999998
368.86298
-293.81636199999997
-93.68671000000002
104.93870000000001
227.44256000000001
83.628374
96.017
76.4861
-56.042193999999995
91.00806800000001
40.232714
-123.89121399999999
158.610488
122.78141600000001
-142.449988
234.303818
337.07876
157.679654
-307.27640199999996
62.870108
-229.177048
-217.8589
-20.725707999999997
-171.23935
0.37745600000000223
99.253724
-50.444356
-29.092990000000007
67.665812
-290.155648
267.324854
237.328826
-165.94922200000002
-25.941370000000006
250.741472
-43.264354
-293.32246
345.50311999999997
-96.348424
46.884434
-149.81308600000003
225.84556400000002
242.49657199999996
198.092084
388.41328400000003
143.57503400000002
239.40402799999998
-40.453294
7.098206000000001
36.085658
248.18657
-41.806191999999996
100.853564
-127.116346
-55.21867599999999
243.31679599999998
218.846678
-165.697744
282.223526
74.274818
118.02275599999999
-71.98580199999999
-19.086502000000003
-105.54662200000001
9.234428000000001
-52.481055999999995
-99.908626
64.608836
-43.535073999999994
-137.82569800000002
-47.68808800000001
296.480444
375.573128
-297.991786
-164.858926
253.15665800000002
16.16657
280.094612
161.499164
162.42863000000003
114.43854200000001
360.563864
-17.652334000000003
-123.32484399999998
-314.321044
11.905214
-134.08423599999998
-43.192138
197.006504
-20.396434
-283.730674
-172.314958
185.597798
-310.397602
-130.29160000000002
223.20167
115.950596
-141.73760199999998
-27.990436000000003
231.872468
-76.702414
300.74640800000003
-71.87378799999999
-229.47798999999998
212.444006
-186.20831199999998
375.871892
387.409442
104.213192
159.09251
-245.13750399999998
-314.060386
-268.66730199999995
213.468296
63.802256
109.882688
328.040546
-211.32050799999996
187.38397400000002
-17.241214
362.947802
-267.392866
-218.96795199999997
96.714446
-25.285684000000003
262.764392
198.697388
-95.59132599999998
386.568932
-70.72663
155.710796
-305.027788
93.36282800000001
-294.274048
-289.455988
336.252812
-198.67412199999998
-292.06778799999995
-188.983372
202.13528
255.31385
151.99079
-134.769568
77.768132
121.66115
-68.263834
-294.25918
97.49674399999999
-220.91301399999998
-322.953538
-17.79538
-246.15988599999997
32.176724
135.32135
-276.446002
169.03304599999998
345.81543800000003
-7.5870940000000004
263.548292
-156.61759
-45.161428
-61.991445999999996
-248.306404
38.745644
-152.81624200000002
-111.41418999999999
342.74159599999996
41.639269999999996
371.429816
-205.69953999999998
255.716168
-128.50331799999998
2.696558000000003
-237.85231
-168.112696
171.086324
-37.45006600000001
-151.15278999999998
225.39624799999999
-273.037468
218.275142
91.25385800000001
199.977656
-22.461501999999996
235.372928
296.352644
-7.760613999999997
-259.94722
306.682106
-210.34814799999998
-74.317666
-227.052346
-151.66152400000001
11.29928
295.106036
239.77198400000003
283.52089400000006
-190.55585200000002
-229.411588
28.726016
-63.058612
136.80035600000002
374.174402
-297.773554
375.016856
-135.810706
-116.36039199999999
-213.798568
321.127664
-255.140824
2.261822000000002
325.475096
178.010312
-255.905932
169.32659
358.863278
-197.90386599999997
136.348034
352.115564
209.08308200000002
-128.58968199999998
-146.38946800000002
-290.294356
122.82463399999999
-124.489048
-236.59608999999995
-263.12904399999996
271.59445400000004
-53.56976800000001
-116.75608600000001
379.930424
-43.186504
-65.07493600000001
-262.147918
-3.1881819999999976
-299.843608
-225.075082
-107.20291000000003
-121.91438200000002
-74.9461
-130.640008
74.595668
115.636262
120.08138
-293.457604
-227.27934400000004
144.160124
-185.04022
168.578186
228.257708
143.415572
232.80142999999998
-291.69778
87.993302
-36.554368
85.917164
310.59201199999995
350.36483
-14.209906000000004
-74.06552199999999
316.956524
286.396286
-66.85366
-234.34204
257.244728
-59.306529999999995
58.917649999999995
-259.164706
388.16090599999995
183.296156
-193.90858599999996
149.578286
51.422792
249.243134
169.70295199999998
67.72371799999999
-46.492366000000004
268.23416
132.726182
-237.347914
209.05170800000002
-243.92110000000002
66.188858
-269.177404
273.953048
244.86211400000002
41.66276
282.69824000000006
206.53897999999998
186.18251
-162.290776
136.426838
-60.449422
217.185152
-56.070921999999996
331.46004200000004
160.638836
-114.24611199999998
-293.76475600000003
194.916362
-137.618428
281.55947000000003
246.20763200000002
-5.535868000000001
343.335038
140.97893
185.207018
203.98933399999999
269.906288
99.767642
55.0931
5.010961999999999
-155.516908
-62.740335999999985
-32.366614
61.413494
272.65303400000005
-211.39105
-161.425678
182.449994
-52.966408
333.226688
382.616078
302.26008199999995
382.313984
197.538674
39.396434
-151.795894
106.755152
-320.30878
-44.26025799999999
199.71948200000003
-116.10830200000001
-140.98986399999998
258.172898
280.27922
3.9786439999999956
-1.1486379999999983
-161.74543
285.00044
-6.186208000000001
361.398866
330.997172
131.347508
-91.30554399999998
55.061942
389.807636
-296.070592
324.01967
245.462234
-4.472301999999999
-47.47694800000001
310.832186
255.82415
35.2148
-250.99142799999998
375.014966
56.90282
-213.97180000000003
-289.99424200000004
-10.732503999999992
-116.72645800000001
264.312392
348.88649
303.233648
20.976746
142.495358
101.651882
379.873508
-70.20781600000001
173.52869
11.715386000000002
-98.22128800000002
-181.143616
388.175486
-9.692643999999994
-21.10009
-29.813152000000002
-278.498218
-104.20963599999999
-261.066208
292.054676
-100.30687600000002
-38.000344
374.521946
-181.636906
161.150126
354.89739199999997
33.189062
-230.750338
62.969756000000004
-48.43012
-137.779924
381.34175000000005
-219.766234
346.54220599999996
-216.23812599999997
-222.02694400000001
-55.701471999999995
379.64393600000005
171.35726
-36.035067999999995
215.42709200000002
-293.667286
174.835922
258.83645
360.53933
289.1426
109.797296
337.56636199999997
76.542404
222.163592
-43.67738200000001
-210.326872
214.96654399999997
49.09982
207.239036
-221.690632
-270.499576
-108.46128999999999
-120.72868600000001
-69.952072
377.027078
-301.155826
194.704592
-309.120574
125.674934
309.815222
11.093126000000002
-190.873174
51.351836
-89.27545
3.9459739999999996
67.678754
93.779762
-114.28481200000002
335.582564
313.126538
350.75906599999996
291.109514
-255.422758
-181.05188800000002
-308.88806800000003
225.059774
214.289114
-146.885062
78.30554000000001
-33.34383399999999
-184.54880199999997
-102.753526
365.628164
387.512762
-79.20391
330.126116
-8.018895999999998
351.841694
48.049448
-274.43468199999995
204.77874200000002
104.68223599999999
-268.82066199999997
239.04951799999998
-159.780802
-214.62505600000003
232.371572
-234.74549199999996
232.107782
120.372152
44.418416
359.56977800000004
-323.971924
14.469656
-77.15790399999999
294.347192
-31.598482000000004
109.289732
185.584658
5.4029479999999985
103.18829000000001
105.18897199999999
-107.19284799999997
-26.562298
260.86127
-296.60141200000004
-245.42764599999998
-207.44109399999996
191.564366
126.90194
387.691934
337.833842
305.337506
-322.810672
219.69869
-66.688906
-259.65517
252.43021399999998
-144.954256
54.761540000000004
-257.3239
-228.238222
-300.42481000000004
364.923986
344.745248
313.99496600000003
-247.204678
173.39129599999998
-268.74983199999997
385.368386
62.403854
-204.446416
33.06317
140.542574
286.871486
338.247158
-152.426218
-10.743340000000003
138.517268
-268.15927
173.218442
-132.525364
-149.642374
-282.80361999999997
376.593314
-285.28833999999995
308.91122600000006
42.065780000000004
329.644202
368.873474
351.760496
246.87762800000002
204.133892
214.28702600000003
-131.881702
132.362726
-316.572106
219.170336
328.96286599999996
292.50095
172.66629200000003
-89.67206200000001
-208.15069
120.65963
-141.37276000000003
125.714228
111.273908
-16.904668
-201.62497000000002
18.055076
-277.624408
-179.919976
278.400398
-309.238312
20.09048
88.261646
385.24631
171.512654
201.020468
195.155132
-261.478336
34.888496
-235.71727599999997
120.300044
-250.950604
238.48646
-282.08896599999997
1.0622119999999988
330.959858
163.48712
-14.741103999999993
-312.10843
-9.855471999999999
-267.08612800000003
144.976982
210.50594600000002
140.419616
-227.968006
-217.768342
-322.266316
202.021088
-71.45233599999999
362.574302
162.720122
-268.769902
121.16192
-202.786096
191.82772400000002
193.516934
-251.410342
-250.52461600000004
-64.44985
282.45540199999994
-90.38561799999998
228.30323
-244.85659600000002
-62.70856599999999
239.634752
-169.685446
265.543178
30.597224
33.481418
-295.332412
33.986552
-47.666560000000004
-268.60669599999994
-152.122414
-286.094776
139.32752
332.223854
126.62835799999999
26.1095
258.675818
148.67149999999998
168.70332200000001
-108.624514
162.162932
306.185882
-237.96959800000002
-197.798872
-199.09415199999998
204.02616199999997
83.7437
-163.71792399999998
191.049026
306.026204
20.257934
342.104576
189.18995
238.578386
-41.384974
180.535298
292.760276
291.18599600000005
370.112432
20.132474000000002
-8.478706000000003
-134.827564
-175.32893199999998
149.060696
126.867614
-51.16055800000001
338.01324800000003
38.082218
28.170896
229.583516
-32.59294600000001
-68.196658
-225.29945200000003
-51.70507599999999
304.994318
-251.72795200000002
160.57965199999998
222.222434
-58.67743
194.329868
170.55708799999996
54.540338000000006
-279.942484
-254.24042799999995
344.67211399999997
207.015296
-200.15347000000003
-121.97650000000002
73.795856
-157.787482
95.90755999999999
222.08624600000002
288.238802
368.80403
249.53811800000003
-163.273396
10.920848
128.33173399999998
274.970498
113.295488
-324.73291
-237.15196600000002
-303.33438399999994
-131.73574
256.823924
381.313814
106.080926
-162.119596
-174.80977599999997
17.75651
-7.346865999999999
-220.24611399999998
249.479078
207.81350600000002
-257.531494
-92.212582
-253.10198200000002
-196.174678
164.438492
225.56771600000002
92.442974
134.60833399999999
-97.37750199999999
346.36006399999997
-250.49570800000004
-231.79782999999998
-169.43305
151.489292
104.813654
157.56548
-314.33314
-83.562952
149.57735
365.61082999999996
-294.311686
-90.7204
-325.865632
-88.237858
-302.334484
357.92312000000004
-281.07468400000005
173.553188
297.737096
-70.10577400000001
-299.040934
190.989626
-177.244924
-211.68758200000002
65.18354000000001
-104.351224
6.720638000000001
-204.79280799999998
10.130612
137.75783
26.295386
-219.49592799999996
177.511622
-53.057019999999994
245.13735200000002
97.02185
271.313168
-211.918702
-310.94158
-19.489576
290.48386999999997
35.767724
23.067518
-255.694864
-252.737392
302.11331
-262.57761400000004
364.040834
-37.93055799999999
-58.83334599999999
106.187288
128.681294
-179.39074
-247.532152
-68.819152
-281.994412
165.177482
-103.31638600000002
273.15597199999996
-287.73562000000004
-304.511872
133.267712
55.443380000000005
-295.79076399999997
-295.94959600000004
-247.26816399999996
112.55018
-36.805341999999996
-54.856606
-121.63617400000001
117.16682
85.72334
-264.08358400000003
-122.400508
-64.14959200000001
261.015296
11.056909999999998
-262.10394399999996
150.61793
-176.95231600000002
-123.613384
277.501046
-71.207248
253.46627600000002
-35.279985999999994
-122.573902
228.054038
2.2584739999999996
-211.80542800000003
-132.34765
326.357888
-21.482014000000007
51.910862
237.30330199999997
-201.929872
181.314806
-315.033736
390.912692
221.48528
-314.116726
234.102056
268.975814
374.133902
179.398382
-31.560736
-265.872226
20.347844000000002
-215.32482399999998
226.99738399999998
23.753588
238.337474
-105.66209199999997
97.746386
177.36333799999997
-190.209262
190.26428
60.255788
-15.158127999999998
115.421666
210.687854
-304.326004
-83.51602599999998
-142.005064
-194.293624
-6.024946
-168.61585
-94.62019000000001
199.522166
-33.12265000000001
351.060314
232.952
-287.00777200000005
281.13701000000003
-118.82790399999999
-232.17853000000002
54.359438
377.617946
183.46078400000002
213.05192
386.349512
314.492126
-318.82826200000005
-102.90240399999999
184.628444
377.12746400000003
-103.730638
192.38863999999998
-154.82412399999998
84.400718
372.95636
232.748042
118.16956400000001
275.65626199999997
-290.375914
-159.524896
87.531476
-256.953892
188.178242
-265.15659999999997
390.65324
214.33780399999998
27.823586
-119.48413
390.630866
-293.266192
-269.978476
-244.46662600000002
-17.861044
-58.516239999999996
-172.420906
-253.65729999999996
83.114996
8.62547
299.385266
66.364574
348.674522
-268.05591400000003
27.134492
-34.249216000000004
375.93923
63.850712
205.58022799999998
12.375751999999999
-222.901294
-197.44751200000002
155.938154
182.636582
226.043348
-138.89758
-265.404442
-295.16474200000005
87.36090800000001
207.59765
-98.627116
377.762972
-319.26568000000003
-111.36242200000001
110.58683
327.52949
-153.096646
-59.578852
267.834992
128.518466
215.865608
53.388644
-6.551482
73.42226600000001
-92.574058
-260.77000000000004
-324.388462
206.32181
171.77291599999998
279.375404
29.651018
204.711314
135.26555000000002
225.015008
70.84518800000001
196.35409399999998
-190.13782
255.00344
-124.675996
252.439538
93.02783000000001
211.131302
271.403492
-73.702282
-1.0481260000000034
348.12019399999997
-112.95261399999998
-120.46390600000001
374.754002
-142.982482
131.00261
213.849626
103.445294
191.50109600000002
116.82744799999999
-143.81869
-175.44603999999998
89.936654
-186.0754
-309.542854
-277.824244
164.123492
269.63295800000003
231.516032
-261.505246
97.84635800000001
57.26228
-96.34307799999999
-269.77214200000003
21.40997
37.406894
-181.05687400000002
-186.37234600000002
282.985664
79.82144600000001
-201.293914
-30.085546
15.807200000000002
-55.474564000000015
-235.37515000000002
-152.349898
145.633226
-261.412906
-196.85668
-84.35905599999998
-199.68577599999998
-295.68778599999996
-74.942662
-162.191182
-93.78551200000001
179.25026
8.5226
-285.76775200000003
-216.64955200000003
358.05248599999993
-48.445707999999996
306.16925000000003
50.009216
149.022266
46.623632
6.886778
337.533458
220.180388
-40.02534399999999
-138.031924
-320.759896
217.560362
-189.182974
-139.054846
339.885716
140.440604
-186.92437
-132.725164
305.714822
252.54451400000002
-27.094071999999997
2.9263820000000003
-75.76627
200.20469
317.324066
257.339282
-245.04046600000004
89.93926400000001
378.379148
-50.73907
-22.074717999999997
-237.17513200000002
291.97328
287.990852
383.436284
-246.66079000000002
332.38560199999995
-298.25548599999996
282.49147400000004
257.890946
-309.07301799999993
271.495508
22.640846
-5.726452000000002
204.0935
-263.95376799999997
-7.188339999999997
288.601358
-135.385906
-275.418562
119.759378
313.289222
244.627376
-180.24923199999998
129.959726
-34.971214
-81.15449800000002
183.11800999999997
-234.677146
141.640646
-14.773432
209.17360399999998
45.379382
193.996526
-25.724109999999996
-301.510084
139.329032
135.95693
294.282878
-84.71821
-133.212514
-54.991462
6.90296
191.20523
-183.762724
-184.82751399999998
-31.259451999999996
-221.37345399999998
-49.725238000000004
-41.719468000000006
55.119541999999996
-69.313324
-214.12453
314.66310799999997
-96.23889400000002
214.254752
-265.458982
-144.59144799999999
14.93141
-284.296126
-285.23918199999997
-55.750827999999984
-210.319996
-187.62143799999998
-182.874568
238.963136
-243.03382599999998
86.13095
136.63581800000003
390.186086
274.244
-174.51147999999998
-64.71968799999999
-35.999644
359.241494
-54.724323999999996
-294.055834
-71.993578
319.564256
-74.284294
-190.87812399999999
105.994886
-87.40715800000001
-1.2492580000000046
-52.566772
-73.93570600000001
32.11187
6.342962
-145.49575
-48.63847
-24.651094
-318.74998
91.09868
-165.559054
-245.40669400000002
-43.69775799999999
86.359388
168.545426
208.34047400000003
-25.045023999999998
42.696248
46.016132
-121.784764
-82.47739000000001
260.855204
304.034684
-41.769921999999994
-60.91423599999999
248.04813199999998
244.741892
6.469321999999998
284.434754
-109.73730999999998
-154.078294
-6.813274
168.611
371.75072
-13.462905999999997
-242.548312
-79.031938
79.62405799999999
6.220238000000002
-72.781114
43.07549
355.347374
-5.444463999999996
-255.971452
83.46509599999999
231.977966
378.191516
-128.50438
-107.99021199999999
141.114632
47.853608
363.81002
-245.72799399999997
320.12672000000003
67.71432200000001
-50.249722000000006
130.849016
16.003724
-145.75235800000002
296.456702
355.017164
343.093082
-70.37653
-265.20190599999995
-232.770154
-135.93847
-204.90934
-140.344942
-227.40221199999996
-293.498356
337.195418
-96.42265600000002
187.95173
-206.00667400000003
166.14881599999998
-219.08529399999998
224.978162
263.06383999999997
-138.667216
-138.06581799999998
-70.486114
-17.987962000000003
45.314834
-98.91715000000002
-112.66645
290.593562
-34.854448000000005
-25.592799999999997
-258.368026
-39.483688
296.29364
321.75464
64.656626
158.89406000000002
-231.194326
-132.643156
247.50368600000002
225.00788
86.632196
-202.04761000000002
-41.76310000000001
288.42494
-72.10364799999999
-186.922156
387.87798200000003
125.880818
207.19886000000002
-152.860378
-151.84462000000002
-103.808686
-20.26786
248.648648
-117.451066
282.17516
-214.340512
305.8691
-78.093436
-242.64180399999998
-263.885062
343.01624000000004
260.559212
-207.84607599999998
-67.611406
317.834726
55.21604
-180.86013400000002
333.675266
355.0937
-62.73724
256.25654599999996
311.691866
-42.405088000000006
380.70532399999996
145.951358
68.035658
-108.794218
-241.25762199999997
326.28047
-146.78761
314.147138
-111.41683599999999
-46.972588
-205.68514
-256.371052
77.958338
117.455126
-220.66429
116.75130800000001
95.81133200000001
271.10948
249.22131800000002
-196.69277200000002
-145.35895
-101.81172999999998
-268.658032
311.112536
319.650494
-290.090776
174.573176
128.21342
-144.06658599999997
59.335969999999996
-281.08371999999997
118.74163999999999
97.42253
77.74592
-189.953896
-157.682038
-234.36230800000004
81.231296
-35.135338000000004
-14.802178000000005
229.47512
222.65515399999998
353.57189
291.99173
202.915058
388.481918
-11.275509999999997
204.989432
182.708888
202.771832
-56.502796000000004
-104.87812000000002
-94.386604
-278.505472
-2.133345999999996
154.401746
13.058618000000003
296.008448
-162.306976
-25.347712
34.838546
274.86679999999996
-14.694772
-136.230556
182.205914
-54.857218
-246.57858399999998
-192.48521799999997
-53.58782199999999
314.30535799999996
54.010364
-269.184694
306.128372
145.640408
-213.49091199999998
-16.994776
-62.180499999999995
32.630414
87.622646
13.487198
170.461634
348.592352
-143.070718
60.440972
-145.346854
-295.10741199999995
156.68751200000003
-197.50396
-245.17408
-108.298156
259.003832
372.14537
-206.01336999999998
-316.628968
42.407726
-19.47685
215.89797199999998
-215.00823999999997
49.941842
273.843968
-71.01560200000002
134.00054599999999
79.802708
76.08054200000001
244.625612
155.364098
-267.425482
72.481424
338.84729600000003
-100.93264600000003
-192.271774
-21.851734
289.97405599999996
-151.82851
-199.11706599999997
347.329472
348.303776
-97.560544
-325.04477800000006
-237.23141800000002
-17.936770000000003
-274.780012
44.855132
286.805876
7.497878
322.42721
-211.392274
-77.347948
-240.92861800000003
-316.071544
-81.528412
-232.61794600000002
-237.67758399999997
-316.740586
-68.686384
176.668898
175.381664
289.85603000000003
-85.25896600000002
365.974844
-47.61616000000001
-311.72835999999995
200.129792
51.101222
320.032832
-138.22794399999998
183.498656
-79.106602
-205.42883799999998
-34.226860000000016
285.404666
118.911596
108.189986
84.889634
-185.31455799999998
-181.81075
249.006902
-287.99717799999996
215.054528
316.705478
239.71586000000002
251.948372
-160.29381999999998
204.93275
330.159002
-274.24240599999996
-197.775238
325.819634
-17.037310000000005
303.512792
-47.516638
321.669194
389.411132
280.01424199999997
211.239644
94.476758
-317.493202
378.38489
-310.67134599999997
-113.463292
100.397966
-153.739246
226.958216
195.26138600000002
68.1593
48.246512
-97.94119
302.93231000000003
72.45867199999999
124.1384
176.979902
387.468212
-185.58714999999998
-36.073840000000004
-216.813856
138.077204
-151.137706
339.402236
-284.879938
-149.289934
84.908318
389.631272
40.235594
-297.502564
-35.984793999999994
367.223864
-12.898516
-274.647442
147.517358
159.798038
-327.845452
-190.08956199999997
97.5506
356.05826599999995
244.38389
-179.06700999999998
368.59346600000003
354.376976
-324.797746
184.705142
-286.003444
-195.106018
124.242332
229.162604
-95.089756
83.850206
-117.462388
325.333616
-292.588816
-104.99078200000002
119.802632
248.395892
213.944936
-230.55021399999998
-29.892532000000003
-220.50706
34.732328
-304.002148
-285.535912
-284.208934
125.955554
129.069482
107.34033199999999
341.34494000000007
206.138894
52.788236
-284.133334
112.045262
326.199092
-194.410624
-71.91203800000001
249.911168
-13.1278
241.31888599999996
-232.91534199999995
29.0408
-24.017494
97.596554
-138.842824
-41.833084
-137.288758
-163.89823
342.126752
-148.897534
154.98674599999998
255.39611
54.174164
-323.27779
215.64545
161.93507
221.662058
-69.14424999999999
-207.75211599999997
280.318964
-190.643854
60.350324
312.97571600000003
250.838708
44.833136
321.010826
211.732988
311.313866
377.805092
298.773752
-215.00827600000002
111.403832
-176.5552
-164.89442200000002
388.26179599999995
-278.126806
-135.30622
-324.015304
307.69304
-110.808742
-274.286902
-117.756958
-307.216318
-82.77127599999999
-218.68493799999996
-199.36996600000003
-110.634016
-23.61721
-288.584428
-149.68541199999999
-13.944892000000003
261.556736
-138.95914
94.14689
-67.80685000000001
-18.338043999999996
320.88943400000005
271.123016
388.02992
312.04239799999993
310.545788
180.593456
224.771198
-246.34429599999999
-137.9218
-208.73658999999998
257.39807
139.798544
60.720782
81.34232
-43.922380000000004
102.230492
94.081514
249.08482400000003
-43.036204
85.072982
-271.181848
44.863754
-146.131186
338.702828
-159.792754
374.31968
221.570312
116.2616
-145.459858
74.983568
238.889732
331.705202
277.963844
277.28873600000003
-67.32877
154.314932
-59.530918
66.69698
95.63693
-254.08247799999998
-292.583254
-239.57867199999998
262.455278
335.953904
-8.924962
43.585214
340.02905
53.1482
-247.00881999999996
253.81472
-39.04517200000001
103.79903
152.134502
-1.2575379999999967
-158.902852
365.323784
-296.090662
-74.72065
173.228648
255.026318
252.00953599999997
-168.587626
-2.8143759999999958
-46.34530600000001
-225.49390599999998
-137.992666
339.283238
165.04601
-242.36755600000004
199.041224
-264.259858
-58.520056
334.72335200000003
375.659906
-304.01426200000003
126.82763600000001
150.381554
-186.269332
218.695064
89.64010400000001
79.7684
-259.666366
231.458054
-268.80079
173.5106
352.70405600000004
-281.3683
-321.33964000000003
311.517968
361.98125600000003
339.70953199999997
-101.70432399999999
-322.586464
128.614478
328.148906
322.819394
-289.39372599999996
-94.58793399999999
-51.768418
235.18398200000001
76.70818399999999
264.099596
-200.27756200000005
135.795254
-221.09153800000004
91.597442
-9.087934000000004
248.764748
262.92118999999997
275.394506
283.033868
284.933246
266.31294799999995
121.672058
185.792288
11.817013999999997
-143.92282
339.148076
-253.67654200000004
233.427632
-65.07747400000001
-143.976352
-34.954978
163.649552
338.701946
77.94671
301.07579
318.04935800000004
250.6793
-177.338074
-192.31878999999998
387.05792
80.888756
-236.58446200000003
109.997348
-144.22700200000003
-200.73875799999996
178.169936
-46.89398200000001
-33.378952
229.040942
-320.122102
240.483524
-105.643516
262.01903
116.87064799999999
323.16661400000004
109.02344
70.299014
117.590054
2.0219179999999994
48.715358
-217.70674599999998
363.70986800000003
-250.86854200000005
-213.393964
54.404114
-26.075002000000005
-108.27853599999997
238.29368
-268.373002
-44.865454
41.31707
12.25067
317.14813399999997
262.396346
379.38083
-198.35028400000002
-287.92397199999994
126.80666599999999
381.14803399999994
-242.510152
177.11684599999998
-216.97249000000002
327.771428
104.385938
-237.954298
350.185766
107.328596
350.726216
-240.80652399999997
-22.024209999999997
335.34039199999995
207.275972
99.28994
-188.20717600000003
-157.858348
19.352552
-214.817728
-98.577382
104.883368
-83.188894
-55.537924000000004
103.443044
92.77496599999999
383.896436
285.99395000000004
-318.05823999999996
90.37727600000001
-14.910124000000003
-112.88596000000001
280.278716
17.14703
352.286492
-93.28556199999998
-219.85904200000004
325.34774600000003
4.678592000000002
321.581156
65.23235600000001
-157.571032
-325.87204
278.540618
-65.218558
101.532956
110.603048
-5.244754
126.204728
-0.29189200000000426
-199.41626200000002
0.6801980000000007
44.62097
-197.948164
387.62942
334.05463399999996
120.966278
315.847508
-135.55289199999999
42.2996
-237.53623
335.72737399999994
389.020532
216.35697199999998
231.726416
235.045814
-124.27902399999999
-25.66073200000001
19.031378
-87.09653199999998
-102.19385199999999
-37.083838
-196.70168199999998
265.99343
-38.07688
-37.376121999999995
-301.098676
-189.285412
133.30131799999998
-154.64439399999998
339.74904200000003
213.944648
-308.62933599999997
332.121848
-107.79844
-21.783460000000005
-279.61301199999997
-192.215398
258.39001399999995
-145.6285
181.704434
1.6426760000000016
177.80936000000003
228.120566
-265.723474
-300.27973000000003
267.57446
-130.47611799999999
-2.5154500000000013
4.9014500000000005
11.342047999999998
240.21129200000001
140.56935800000002
27.369086
203.99918
-66.34048
248.51634800000002
331.053332
320.943884
-106.502116
-252.882202
383.023886
-83.73643599999998
-124.89080799999999
-224.464972
-222.45633400000003
185.01486800000004
3.877088000000004
-38.69082399999999
-238.78841799999998
-272.729758
112.05698
370.413878
-92.63127999999999
387.856994
118.25340800000001
-105.74591799999999
-158.21600800000002
357.63618199999996
366.36461599999996
-71.70530800000002
-200.027218
-227.90010999999998
244.63572800000003
211.976078
-271.53961599999997
-136.279066
189.771908
-326.230762
328.652672
-198.67316799999998
325.07743999999997
-61.90879000000001
55.620428000000004
130.948862
-302.424466
248.12906000000004
-14.349100000000007
-17.879782
195.040508
-280.88455
140.45027
52.661048
-39.84419199999999
71.069216
217.15196
109.39424
-211.63894600000003
136.230962
-235.76396799999998
-55.972480000000004
-293.706148
-194.48071599999997
-130.71130599999998
-264.262324
141.37111399999998
228.07529599999998
-194.30507200000002
122.865422
226.02306199999998
39.370946
317.17524199999997
-239.904094
246.698276
-39.081531999999996
-44.114475999999996
243.35582
79.70324
-218.118928
137.446736
57.677558
-136.479172
-257.722852
-171.40410400000002
10.980158
223.90302200000002
174.06638600000002
74.210846
-36.498622
-110.97918399999998
-148.896472
294.008486
381.863426
368.580236
-285.460132
-73.663276
-278.102974
-43.23962200000001
-24.878974000000007
-32.32136199999999
-282.580744
332.357144
350.8034
163.78149200000001
-106.91842000000003
170.75516
136.62707
-241.145626
25.597868
288.206204
-310.507294
-244.13071000000002
-193.37810799999997
-99.496714
-175.85109400000002
207.394412
84.322958
-270.04613800000004
265.93124
-249.88050400000003
-212.97969400000002
102.614342
-49.452106
-204.21990399999999
272.852114
-100.23226600000001
-53.41091800000001
-49.320526
-132.54115
380.199614
-304.093768
292.40096000000005
-170.101066
-306.89383
-193.71976600000002
258.67913
-163.58521000000002
-132.23713
90.232646
381.78429800000004
340.290284
-305.46848200000005
146.94125000000003
-254.48168199999998
227.87358799999998
385.259738
365.733176
355.988462
-227.96266000000003
295.059884
-294.64011400000004
204.052604
-202.88099200000002
-281.17769799999996
272.156468
358.525292
251.30008400000003
246.155828
-292.46553400000005
371.486714
204.31797799999998
204.58121
-134.667454
-310.668484
70.55681
-62.38103799999999
122.184896
53.82788
-262.635358
-162.34907800000002
-188.48757999999998
-317.833906
292.46675000000005
-122.069434
-192.21187
96.83049199999999
329.438534
-39.965458
27.848894
-45.882994
-22.692927999999995
76.272242
124.705382
-180.965992
-9.895989999999998
298.03676
-125.02868799999999
-130.99860399999997
-94.699102
372.967088
-148.95247
171.940532
-319.700902
9.29804
47.863652
-70.49525799999999
-231.91681
-309.361954
382.67308399999996
243.87832399999996
208.584536
-27.947218
155.90791399999998
135.56912
136.592816
-225.238648
63.17915000000001
-163.85035
250.61441
-143.32619200000002
-232.84580799999998
-140.219698
96.858734
-132.064456
97.347038
197.90040199999999
145.44908600000002
-237.04990600000002
-134.477122
-319.72568800000005
122.89872199999999
-217.65371799999997
23.512999999999998
-204.99118599999997
115.491578
37.33511
347.652482
-136.240474
171.450284
-104.678482
-325.036984
337.36622
310.39367000000004
-3.861525999999998
338.671112
-161.800366
-113.285776
225.57587
-8.280237999999997
-138.81051399999998
10.957532
184.20251000000002
134.769596
-151.091824
-36.891706
188.110166
-188.60764
-181.253758
-255.568018
-107.529304
309.733988
379.36002199999996
85.50455
301.93682
67.15031
-102.45073
343.00004
76.616366
384.04981399999997
-43.516335999999995
134.99222
219.57830600000003
-174.06522400000003
-17.214196
-138.84669399999999
-71.67161200000001
190.25421799999998
-223.23064000000005
-26.017023999999992
108.63464
-131.51329600000003
-82.97103999999999
246.629768
220.112168
304.666394
290.188004
110.022566
-3.993628000000001
-111.772156
-223.482838
331.702844
186.538262
-180.85977400000002
138.799634
-228.62354800000003
289.846814
-192.893224
6.423871999999999
-73.80949000000001
183.931124
322.81781
-165.597466
203.000828
-171.47529400000002
211.666874
386.23697599999997
41.853578
-307.04929599999997
166.804718
-287.802508
-155.63304399999998
211.415234
192.53139800000002
-200.170444
-229.668988
46.526828
116.201084
-188.272336
250.292354
316.915952
-177.169756
-84.413488
51.627668
198.43484
389.35184
-201.136324
-60.952665999999994
136.704848
-105.18645999999998
325.216058
184.896752
26.837708
387.119084
-52.919518
117.370508
64.67197999999999
-227.643736
-266.688724
-205.313242
18.802238
-242.821642
-140.30401
-197.58631
48.150014
-102.32235399999999
108.224312
-5.636127999999999
-95.76389199999998
251.69955800000002
191.11622000000003
-306.02686
326.324336
-173.80548400000004
-87.413152
285.640826
-74.47219600000001
58.886924
-300.311464
376.29062600000003
-6.301336000000006
328.795538
-115.403602
116.84807599999999
-20.279272000000006
-5.119420000000005
-191.009722
-57.89344000000001
320.271296
-81.301198
377.794562
-20.114824
-46.237036
255.61957999999998
157.562708
-202.681354
-215.196502
132.909188
-45.291765999999996
28.07285
-194.214964
-16.865572
229.26430399999998
383.284634
168.772496
24.276056
-55.68023199999999
-257.598202
7.599812
107.914658
-170.46729399999998
-135.211828
360.76006399999994
-23.097748000000003
-68.683702
-164.817472
90.793184
97.130462
29.624666
-139.513756
-289.437088
280.390946
252.36132800000001
63.852836
-209.50528
151.365614
294.650672
344.63957
104.60039
-118.19173
-35.27167
-244.16555800000003
-70.701592
-49.46539
127.204952
-122.16751599999998
133.445246
-183.658828
-235.50327400000003
60.256742
-270.21674199999995
-148.14187599999997
319.17887600000006
-213.25289800000002
-292.81207000000006
205.51083799999998
112.499456
314.165894
23.158526000000002
161.435192
21.607286000000002
247.917164
-175.22554
-37.27775199999999
-225.81633999999997
-23.911941999999996
303.999188
-124.77024399999999
314.33655200000004
222.891008
-1.9901740000000032
43.741778
379.617602
-107.223736
-170.203594
-115.77839799999998
310.090964
339.158912
138.444962
382.265294
-155.57287
-34.945167999999995
-173.355034
-87.897064
-21.654669999999996
390.77344400000004
-236.88724000000002
-179.37641200000002
331.174904
364.268264
-231.32677
-241.53357999999997
34.713014
-4.730674000000008
14.9468
-307.906168
360.958226
31.206434
230.890586
-149.96495199999998
167.694206
36.945464
44.935988
148.69995799999998
219.06321799999998
-259.644064
337.393706
-71.07565
116.529548
35.566664
24.359162
330.56925800000005
-230.65429
-28.643349999999998
-194.19354399999997
209.390198
-226.829902
41.180936
-218.930476
2.578279999999996
-149.101456
190.429196
-200.66359000000003
254.672546
85.717922
-178.64215600000003
267.34377200000006
251.99042
-292.571014
-76.17499600000001
139.51572800000002
-147.843094
298.16236399999997
164.38091
50.407106
316.88848399999995
380.728742
-295.001158
-304.401892
65.476418
-310.996462
300.358742
-124.09193200000001
23.575748
-282.91466199999996
2.1813079999999943
132.423206
143.770244
3.2001440000000017
244.822406
373.991756
287.319272
155.738102
176.44227800000002
-310.35384400000004
-255.64018
-250.33723599999996
127.34312
59.111366000000004
-46.90897600000001
64.431878
-280.281946
-311.703556
301.87754600000005
-38.117722
43.615418
377.277242
272.21660599999996
300.895862
-213.875482
-91.29739
-294.087298
159.175472
-299.89312600000005
23.956394
64.89977
308.86403
69.387476
2.3505980000000015
-4.650915999999995
-14.159632000000002
-255.64601199999998
-160.09987
195.85138999999998
-122.08032399999999
-308.828326
374.994086
-21.197542
333.79618999999997
291.55269200000004
234.23883800000002
151.823336
165.134066
129.770564
291.16311800000005
342.63933799999995
333.28571
356.978786
377.827538
201.947072
13.719524
-178.908394
-32.009494000000004
191.772194
-186.73065400000002
381.41155399999997
-124.960846
-309.99775
289.86881
265.66394
60.835028
98.005712
12.190604
314.34566
-97.56972400000001
-307.76492199999996
-202.47203199999998
153.082094
314.830778
-298.08675400000004
234.52104200000002
205.227932
-311.062486
-186.42253
-70.95298
-33.156688
79.98321200000001
-232.23341199999993
142.15920799999998
118.802804
24.625238
-287.718916
-304.16926
-105.49719400000001
97.206008
-247.74395799999996
-284.661508
127.73962399999999
-95.092654
-220.20727000000002
-127.978276
66.547274
-301.32706
65.73704
-69.676906
275.96760800000004
183.297128
267.00204199999996
-37.57079200000001
228.71598799999998
-299.147746
-10.549011999999998
-210.76115800000002
145.030658
57.017156
-274.134946
237.44150599999998
-163.87519000000003
345.07444999999996
52.111742
245.93549
105.546434
-178.290886
-17.663800000000002
-217.45057000000003
387.995774
-198.10055200000002
283.726868
-65.908408
298.37461999999994
-13.849671999999998
387.411026
97.444328
380.068934
213.663524
249.013274
296.84987600000005
154.63414400000002
216.834026
-126.08577399999999
-191.91551799999996
224.36069000000003
-44.35403799999999
254.52203
-98.517244
-319.087156
-84.62981200000002
266.1143
201.691994
-104.93928399999999
-193.676476
328.939034
-170.858632
-3.109882000000006
-34.32083800000001
272.7923
-115.096882
6.798181999999997
-170.027158
-21.568233999999997
23.509093999999997
142.26081800000003
45.843116
42.883286
-322.516966
-309.303634
225.333986
226.685552
211.03124
-263.448958
-245.29946800000005
-155.74873
97.73277800000001
225.232052
-120.757576
350.760452
-69.64267
-199.37410599999998
13.335512000000001
-88.712518
254.944526
-96.552526
62.2976
300.200828
-93.21502000000001
341.86249399999997
171.67492399999998
243.023594
226.192496
172.031576
191.200136
-50.783692
162.289076
308.682932
98.91802399999999
-175.597798
76.51499
-1.5631959999999978
-127.25744800000001
-141.872548
157.145036
-90.906016
380.83271
89.045276
-111.25591600000001
291.791372
222.365012
-305.64430600000003
115.330136
62.943439999999995
-94.11998799999999
-174.06248799999997
136.81643
-101.49442600000003
-324.20743600000003
-54.41643400000001
-209.90905600000002
-105.59313400000002
184.744778
128.57999
280.441508
313.50070400000004
131.487692
291.57198800000003
120.198902
-26.508478000000004
215.30758999999998
-312.91924
21.883604
-206.814928
106.403522
-73.541272
-219.023842
-15.789261999999994
-109.877566
-109.81183000000001
1.519123999999998
144.77086400000002
309.891038
-143.223754
158.582768
-186.18097000000003
226.49945
102.859718
-228.97246
180.94054999999997
185.753174
-296.06139399999995
210.6149
250.257776
-262.731802
244.60205000000002
46.804964
264.78449600000005
-91.22465199999999
-1.3817200000000014
-249.92726800000003
-119.88058000000001
-183.70521399999998
66.40043
317.40701
234.044186
34.18988
181.22459
181.82732
-306.295636
-31.693395999999993
15.691262000000002
-110.90568999999999
72.141386
-308.562916
-58.238643999999994
253.817726
-96.996298
-52.99522599999999
-58.459720000000004
-128.515558
74.10083
-169.12618600000002
-1.864065999999994
28.355
-196.349926
203.047214
-104.58770799999999
-96.05848
382.59914
-302.67740200000003
-276.439522
276.12149
-18.710212
101.539832
313.14761599999997
-214.57004799999999
280.98057200000005
391.777862
268.802366
-31.14797800000001
130.774136
-191.223346
309.16443200000003
-33.63905200000001
42.12122
255.21636199999998
-25.681467999999995
339.95307199999996
-224.182588
-169.540636
271.073192
376.89897199999996
-325.88086
75.290918
-122.90376999999998
-209.930422
-106.08700000000002
-322.17808
269.25368000000003
-56.187129999999996
367.84030999999993
384.489734
-191.19177399999998
88.15298
101.202692
-13.520578
194.59328
-174.750988
-137.58853000000002
-147.64466199999998
79.250162
231.858824
-154.623154
317.57225
70.3652
45.588722000000004
275.357426
-267.23961399999996
295.20694399999996
-212.59364799999997
-113.48719600000001
260.11697
139.601084
-245.614198
-260.308678
46.166702
192.6887
-282.429598
-59.988568
65.775542
-161.203432
-44.11237
-26.898466
364.55896399999995
362.136848
-29.493508
88.19565800000001
-78.619522
354.66598400000004
201.10213399999998
-30.06705999999999
84.327494
127.83100999999999
121.40087
-50.38230999999999
101.476868
-318.863938
-66.08048799999999
-74.17982200000002
388.167062
44.562290000000004
-239.961658
-22.989189999999994
-302.67378399999996
-40.418464
-196.94156800000002
-75.75181599999999
-86.33021799999999
61.903526
20.823458
11.658452
-265.961056
-55.57793799999999
66.133472
-71.235742
334.636592
289.097852
-61.390516000000005
-3.8649099999999947
360.622562
-34.734532
-246.35781399999996
163.83236
-47.317809999999994
376.12689800000004
-297.70110400000004
-42.211966000000004
335.19833600000004
-297.31336600000003
388.593104
-185.269882
55.572908
175.05408200000002
-11.023527999999999
324.727772
-52.49731
153.02983999999998
286.311794
19.495382
-235.380406
96.061208
-177.563164
346.07894
306.482774
302.02853
250.050758
218.53139000000002
85.901234
158.91792800000002
-150.77434
234.34925
299.048504
-244.17302800000004
-223.918024
-232.280554
364.181216
189.809024
-2.707977999999997
377.26775599999996
-291.37369
-14.609074000000007
372.38556200000005
-269.435704
328.278218
-36.20795799999999
329.64494
281.659046
-107.63122000000001
48.356024
110.529716
-219.830746
244.92205400000003
-46.47883
-309.30285999999995
-310.258318
200.043266
-29.77158999999999
-298.452532
-211.983808
111.64818199999999
-161.665942
-28.814026
-1.4723860000000073
141.768968
279.850514
-291.300682
4.452368
-306.366034
119.315588
-83.016328
53.451032
131.957816
-317.58745
109.29034399999999
232.345742
9.715424000000002
36.401684
228.275726
58.106912
347.451296
163.610672
-72.22421200000001
-266.76688
206.309426
281.044508
290.288192
212.17667
387.932504
90.233474
-308.961436
217.69908800000002
-278.567464
185.221292
-116.905936
103.111592
-310.35749799999996
-293.297188
-311.57599
-156.61651
-34.95891999999999
-297.08210199999996
378.529808
216.81188600000002
245.09247799999997
56.649308000000005
-28.93619199999999
-310.230544
62.041712000000004
251.909042
24.524078
-148.32796
-59.16823600000001
33.755558
-168.501424
-18.605200000000004
201.792488
-216.31336600000003
-319.20394
-323.12403400000005
-321.502126
-200.79454
48.341210000000004
163.10278399999999
-119.05104999999998
-4.749340000000004
191.057306
318.77128400000004
103.174952
235.450922
214.925504
389.91543800000005
123.778076
-140.109664
306.925988
297.114656
-123.73735000000002
212.137178
-222.89735200000004
-4.768473999999998
-7.498317999999998
-181.386328
-267.21623200000005
132.435014
253.15759400000002
-56.32590999999999
-137.081056
-158.346922
-46.548688
375.43071199999997
86.678852
-128.466958
-102.62595999999999
-126.52448799999999
-117.13304199999999
107.110814
-87.86479
-75.15769
307.371524
-250.27227399999998
-65.958736
-20.847874000000004
-177.62463400000001
-80.077252
154.36858999999998
-108.09066999999999
-4.003042000000001
254.67557000000002
302.79887599999995
-64.50907
-11.041312000000005
346.02881
347.68039999999996
386.987738
280.56011
-186.499948
-143.150404
59.96309
265.944254
9.313898000000002
212.10047600000001
156.31854800000002
-220.54907199999997
-187.42334799999998
43.721276
282.959726
5.012509999999999
-73.94393199999999
50.138816000000006
234.58818200000002
306.589478
114.94913
142.15370000000001
326.23501999999996
17.213504
347.668718
40.828766
-33.202048000000005
-95.72409400000001
39.604622
301.253126
1.2873020000000004
63.799502000000004
-159.879118
325.3604
-82.78022200000001
-187.235014
-269.548942
96.491318
-314.508064
-262.723918
-161.04177399999998
52.37384
-225.04934200000002
113.19144800000001
-263.121394
372.604424
-299.91213400000004
-108.06194199999999
142.0259
382.90447400000005
-211.22696200000001
188.245814
-168.819772
-304.794724
377.991356
223.50164
-305.78737
291.24775400000004
-236.333074
-217.04378800000003
-141.517138
-34.087918
334.29081199999996
46.040774
174.92342
-200.004538
223.906784
-37.362892
-49.940248
183.202898
354.963884
-75.87210999999999
-246.11395
238.64234000000002
147.63885799999997
202.17884
-250.22977600000002
-59.51196399999999
92.51546
186.45297799999997
213.250622
172.30470799999998
-236.03836
-296.48061399999995
-309.341074
-192.515728
330.235664
88.20086
198.621968
178.82502800000003
-123.94121799999999
120.809966
-53.31334
-219.64878399999998
69.11141
-90.26571999999999
215.42430199999998
-65.25147999999999
124.16228600000001
-197.14824400000003
-121.853488
-299.522038
28.990652
187.93250600000002
-239.61337600000002
99.796028
-217.834402
-167.27641599999998
-50.991051999999996
72.751064
177.219698
-71.093146
169.737764
311.309582
-63.982929999999996
52.332458
-111.80597800000001
-250.66829199999995
297.41306
324.27130999999997
348.407186
-62.064814
-91.270966
107.91221
205.94795
106.817324
-308.92305999999996
270.293054
-230.34353799999997
-168.83354200000002
-58.629424
-53.66799399999999
138.998264
56.428232
267.64061000000004
271.721624
-293.957536
-109.56807399999997
329.79047
246.21542600000004
323.528036
23.98676
42.4436
236.892362
225.023378
-87.984256
-250.41659800000002
-129.04670199999998
333.296294
84.150788
-189.97065400000002
-211.305784
-116.38443999999998
-174.11612800000003
-245.79344200000003
86.397602
201.90950600000002
79.958192
217.368338
-291.084376
185.25812000000002
-200.620606
83.747444
334.27896799999996
-33.003975999999994
-31.862938000000007
269.3156
279.39731
-14.46313
-54.16762
-259.204342
-160.957066
-270.86008
-320.016622
66.111998
206.14838
-143.06519199999997
242.74515200000002
-285.812302
-185.71179999999998
244.71586399999995
-155.866198
-326.735536
-64.348564
-126.44377600000001
-37.902981999999994
-116.463334
-12.385893999999993
212.972072
337.93415600000003
-193.20718000000002
9.174163999999998
272.498558
-37.46426799999999
-304.300696
-308.56432000000007
378.91382
341.09969
-243.102352
-14.535598000000007
383.61848
-131.15860600000002
23.494244000000002
134.83329799999998
97.942406
288.14855
21.798158
-233.166766
-155.02441000000002
-223.455424
81.281822
-21.797608000000004
328.255502
145.62183199999998
318.869942
-314.050522
223.369772
171.823712
165.525764
167.40447799999998
76.967564
173.104016
-194.23849
227.990426
-265.572148
-177.84677200000002
1.841071999999997
235.094018
-325.893316
146.491124
14.130931999999998
14.043326
-40.07291799999999
-144.062842
-151.13480800000002
380.71182200000004
-210.35876799999997
193.767584
132.874034
-291.03314800000004
134.673404
205.80515599999998
336.66938600000003
330.29798
187.55023999999997
242.688884
272.554268
98.588624
-268.226392
265.917668
221.278838
-245.04322000000002
-204.15341199999997
101.10003800000001
-110.27642800000001
283.581644
70.707578
203.19153799999998
346.90573400000005
48.2297
379.769846
28.101092
-279.719302
-211.56016000000005
-121.07523999999998
74.40785600000001
-241.51853199999994
284.731538
185.718902
235.67813600000002
103.58164400000001
-110.283772
241.158794
-12.144279999999995
-1.709932000000002
133.089836
-17.788359999999997
228.926102
-266.840608
-189.08409999999998
185.471528
-312.039526
-311.787346
15.045332000000002
243.525542
365.43506
-76.1377
110.19572600000001
-306.517216
-291.61125400000003
276.21876199999997
37.429448
104.59022
33.984662
355.58376799999996
370.052744
266.254304
-75.565948
-6.875266000000003
292.236872
-242.618512
-132.383632
-231.299932
-148.359982
250.32129799999998
-206.09447799999998
202.925408
-27.169456000000004
281.125976
33.038546
-189.64848999999998
-17.059143999999996
-112.07579799999999
-22.721511999999997
-264.64991799999996
-231.97999
-8.209768000000004
383.033876
227.184278
-186.66488199999998
258.079658
340.007702
-297.87979
-198.19101999999998
62.484962
-271.38595
280.444928
39.261614
-16.109248
-44.960314
-126.11790400000001
-134.41171000000003
69.756872
-119.10074800000001
-314.375566
-138.886672
-128.892118
163.679306
-145.07581
277.62130399999995
-26.599360000000004
150.41715800000003
374.150048
105.775952
18.79439
100.629374
194.83934000000002
82.59233
245.298632
76.623332
56.226182
-59.322496
-138.38895399999998
120.08622199999999
181.654592
-133.764952
188.49174799999997
316.23724400000003
316.732874
94.256978
47.882588
298.317956
-220.009252
198.36915800000003
-296.462578
348.92261599999995
354.430382
48.618176
160.049408
-287.607928
258.013004
307.821164
228.90486199999998
-152.725
-171.52234600000003
44.222468
-247.21427200000005
149.10461600000002
127.59483200000001
17.172752
380.561828
-228.427438
337.089776
-315.958144
-272.8471
214.025522
-283.97785
-268.64132800000004
381.77824999999996
-84.514018
234.09185
-69.870352
44.605688
348.538568
154.03964000000002
-180.845392
301.995932
215.252024
380.772698
157.659998
176.392328
-214.78871199999998
-198.005944
104.680832
307.15077199999996
321.77753599999994
282.67115
-197.12266599999998
-275.94607
-101.08163200000001
376.494962
20.03018
-236.90360200000003
-78.319192
-83.604064
-64.441462
251.27704400000002
-315.194116
-74.09896599999999
-57.543735999999996
28.791104
198.897476
357.809666
300.252002
69.66149
266.223938
-154.410718
-22.863819999999997
117.488948
32.37386
-30.447633999999994
-37.43287599999999
-23.142370000000007
345.067412
-115.22282799999999
-161.0446
-214.198312
-85.561078
208.93029800000002
-56.474086
-3.906796
50.484145999999996
280.743944
386.86569799999995
-252.97623400000003
236.019488
-126.82089400000001
243.897296
-316.071346
147.760826
25.19699
-91.23519999999999
195.842804
-222.671848
354.194168
-105.500452
75.598268
-319.18836999999996
139.268174
138.693002
73.501682
148.54040600000002
-272.16729399999997
283.15000399999997
99.879692
216.71672
374.356022
183.047324
-304.553344
-123.31539400000003
201.277346
-1.1512299999999982
-35.321584
-59.869947999999994
317.439284
-73.09600600000002
193.454906
115.034594
280.195088
144.32558
-262.22405799999996
-30.619804000000002
-57.712828
-192.76375000000002
-130.651852
-233.03943400000003
-29.502886000000004
-35.68629999999999
221.48148199999997
-101.00259399999999
-60.915369999999996
-73.382764
-313.186414
-168.620818
-305.017132
390.161156
305.33275399999997
345.60089600000003
-87.854314
47.196734
-321.57950800000003
114.85247000000001
-86.557504
375.30235400000004
-286.895308
-38.29399599999999
370.13354599999997
-320.407132
-249.48673599999995
-193.920412
-322.63645
-320.345464
350.631464
314.048408
240.79470799999999
-170.4649
131.72566999999998
39.280712
-7.349440000000001
-2.3508580000000023
268.08224
73.356728
235.50753200000003
-311.31922
79.150262
378.912218
328.510076
110.23223
74.34858200000001
175.561502
107.49538399999999
-30.468892000000004
-123.93990400000001
-224.53353400000003
73.07744
-297.190156
45.854708
-114.17344600000001
-28.666912000000004
-81.607756
-283.07934400000005
125.600972
228.347474
295.843028
-82.64405199999999
-157.445446
266.610326
-209.247502
-87.34684
198.90437
134.934908
-281.62102
-302.95480000000003
219.547778
290.29782200000005
328.424396
-79.88884599999999
95.738306
-71.06971000000001
216.43781
201.84935000000002
291.619562
67.755218
148.864892
230.987876
340.580462
-161.164498
46.495904
-304.35178
-163.630174
267.648188
22.994348
207.520862
-91.66594
380.410466
178.520702
371.184098
89.643956
269.672936
-278.441554
263.00372
12.010190000000001
-54.36652000000001
-138.62257599999998
95.80901
375.145466
92.66457199999999
157.49052799999998
-181.377796
-121.731268
-23.669518000000004
-278.804614
-321.404962
165.34689799999998
324.77612
-162.432346
251.33928799999998
-18.791751999999995
63.43673
-36.373090000000005
-140.03044599999998
231.164816
-229.312498
-303.820384
-313.59474400000005
-89.42540800000002
257.46945800000003
286.22316200000006
-319.088074
-205.76282799999998
306.56055200000003
186.91151
-174.161146
284.267066
-142.72193199999998
41.292428
248.906066
-201.711028
374.057834
-50.31711399999999
305.432528
256.719668
336.746732
306.47814800000003
92.086484
-198.70726000000005
45.961844
181.082354
-214.27275999999998
-317.087104
-241.986586
387.95993599999997
-322.327786
332.924036
28.379876
247.604054
30.128684
77.036198
26.803778
-168.149956
199.0328
358.069064
-222.25622799999996
-78.825082
-69.53477799999999
241.088504
374.931464
-206.32289799999998
68.777708
7.773710000000001
371.67233
307.20491599999997
41.616788
248.92862
-88.513132
141.79262
-71.96976400000001
237.786224
270.465098
123.935918
233.486762
360.955922
-127.13891800000002
-319.27108
-325.70293000000004
391.13086999999996
-107.016538
-40.807462000000015
64.627448
-137.73098199999998
-94.93267
176.962334
-302.805922
-242.89837599999998
381.480368
239.33208199999999
219.223616
-199.293052
195.738512
336.277022
-305.56154200000003
231.88949599999998
-46.42411
-249.14547400000004
-41.869912
207.218696
277.51389800000004
285.460664
143.53996999999998
226.312988
-243.72009400000002
209.116022
290.771456
121.428356
-108.13030600000002
57.543818
-254.41294000000005
87.006002
264.86051000000003
-133.225258
158.0423
-58.992124000000004
6.849752000000002
-296.695228
-117.06933999999998
291.512588
176.131328
-71.440654
378.65551999999997
208.80977000000001
-248.75602600000002
-265.558972
237.740576
-170.03073999999998
206.61801799999998
-27.882796
-0.9338440000000006
-57.169534
79.990268
-232.55631400000004
323.0528
318.681878
270.24314000000004
-209.94352600000002
298.659686
-231.74577399999998
275.23695200000003
149.32617799999997
181.211738
-7.615893999999997
-219.766864
-225.754546
-235.50696400000004
-173.040106
-195.32338599999997
-262.097032
142.48216399999998
121.979282
301.354412
89.74497199999999
275.427716
-170.224816
-204.73731399999997
237.599402
-0.48279999999999745
321.809288
391.54991
195.439568
-304.21157800000003
-57.963982
179.70407600000001
29.709068
42.46241
197.33313200000003
232.037564
300.56234
-160.828276
-205.41886600000004
-200.58581199999998
133.491974
-238.36806399999995
256.673498
144.187142
24.037844
183.262352
75.054722
-286.811104
-233.390308
110.744384
-199.48550799999998
-323.09035600000004
-309.620884
-276.68356600000004
-60.993724
200.04728
-322.125322
179.507516
2.062867999999998
175.26331399999998
92.929568
358.349108
-125.244562
35.514662
-48.32906799999999
-23.805994
348.474722
319.659458
-40.384246000000005
211.987706
169.976966
51.54719
-124.34548000000001
291.961508
-271.623514
55.289426
-42.316114
221.212598
-313.10005
332.92562000000004
293.670194
154.935014
-183.18766
341.231846
-106.327606
-186.891412
198.176612
230.15246
-156.483184
21.705422
178.773674
359.704202
-157.761976
-1.3451439999999977
122.739872
106.32955999999999
41.61551
-179.379526
314.11463
57.02675
256.122302
-322.96806399999997
165.45703999999998
-189.297256
270.220856
81.961466
117.9581
240.404666
174.336314
-166.518994
-150.84437799999998
-270.40882
370.040972
-273.83801800000003
83.7923
227.209802
186.62413999999998
29.574806
294.899054
7.386854
85.394912
253.18913000000003
165.246602
360.584474
275.647784
-169.929598
64.81653800000001
262.225526
-20.955819999999996
141.68957
-226.918246
-305.412592
-305.945284
89.183246
235.441364
-37.410808
128.469722
223.41469999999998
-229.998784
-307.974334
-173.816212
-268.954348
304.69406
-116.91895
-135.13941400000002
-100.64108200000001
317.936012
251.05832600000002
-322.342798
104.70335
356.80895599999997
68.50824800000001
-111.709948
251.64737599999998
-196.159522
236.612462
270.67780400000004
63.116042
69.659582
-77.63801800000002
153.12245000000001
170.89547000000002
321.19401200000004
288.226778
108.557204
241.169216
-45.551884
-62.32667799999999
-175.725886
126.117626
228.612164
305.783942
-14.410156
-136.63406200000003
-38.55020800000001
-28.447528
90.05210600000001
227.378048
-110.81734599999999
-277.86200799999995
-81.656644
341.77847
-56.333974
292.530722
-51.88637200000001
-62.885434000000004
283.62191
299.16591800000003
103.83933199999998
215.305394
151.65600799999999
-120.408736
-129.47242
385.741778
-231.567142
-261.04136800000003
361.150952
117.201434
352.84398799999997
-52.51118799999999
-326.971444
-121.46526399999999
-170.79824200000002
188.90137399999998
-113.522692
-61.598631999999995
140.229878
-205.60045
-7.654612
-242.03752599999996
-76.937422
-143.062708
310.853696
-70.981582
-136.667542
